[{"PlayerName":"Enemy1","Attack":20,"Defense":21,"Speed":22,"Special":23},{"PlayerName":"Enemy2","Attack":30,"Defense":20,"Speed":10,"Special":0},{"PlayerName":"Enemy3","Attack":20,"Defense":22,"Speed":24,"Special":26},{"PlayerName":"Enemy4","Attack":31,"Defense":20,"Speed":9,"Special":-2},{"PlayerName":"Enemy5","Attack":20,"Defense":23,"Speed":26,"Special":29},{"PlayerName":"Enemy6","Attack":32,"Defense":20,"Speed":8,"Special":-4},{"PlayerName":"Enemy7","Attack":20,"Defense":24,"Speed":28,"Special":32},{"PlayerName":"Enemy8","Attack":33,"Defense":20,"Speed":7,"Special":-6},{"PlayerName":"Enemy9","Attack":20,"Defense":25,"Speed":30,"Special":35},{"PlayerName":"Enemy10","Attack":34,"Defense":20,"Speed":6,"Special":-8},{"PlayerName":"Enemy11","Attack":20,"Defense":26,"Speed":32,"Special":38},{"PlayerName":"Enemy12","Attack":35,"Defense":20,"Speed":5,"Special":-10},{"PlayerName":"Enemy13","Attack":20,"Defense":27,"Speed":34,"Special":41},{"PlayerName":"Enemy14","Attack":36,"Defense":20,"Speed":4,"Special":-12},{"PlayerName":"Enemy15","Attack":20,"Defense":28,"Speed":36,"Special":44},{"PlayerName":"Enemy16","Attack":37,"Defense":3,"Speed":-31,"Special":-65}]