[{"PlayerName":"Player1","Attack":[20,30,50],"Defense":["string1","string2"],"Speed":22,"Special":{"Test":23}},{"PlayerName":"Player2","Attack":30,"Defense":20,"Speed":10,"Special":{"Test":0}},{"PlayerName":"Player3","Attack":20,"Defense":22,"Speed":24,"Special":{"Test":0,"Test2":20}},{"PlayerName":"Player4","Attack":31,"Defense":20,"Speed":9,"Special":{"Test":-2}},{"PlayerName":"Player5","Attack":20,"Defense":23,"Speed":26,"Special":{"Test":29}},{"PlayerName":"Player6","Attack":32,"Defense":20,"Speed":8,"Special":{"Test":-4,"Test2":20}},{"PlayerName":"Player7","Attack":20,"Defense":24,"Speed":28},{"PlayerName":"Player8","Attack":33,"Defense":20,"Speed":7,"Special":{"Test":-6}},{"PlayerName":"Player9","Attack":20,"Defense":25,"Speed":30,"Special":{"Test":35,"Test2":20}},{"PlayerName":"Player10","Attack":34,"Defense":20,"Speed":6,"Special":{"Test":-8}},{"PlayerName":"Player11","Attack":20,"Defense":26,"Speed":32},{"PlayerName":"Player12","Attack":35,"Defense":20,"Speed":5,"Special":{"Test":-10,"Test2":20}},{"PlayerName":"Player13","Attack":20,"Defense":27,"Speed":34,"Special":{"Test":41}},{"PlayerName":"Player14","Attack":36,"Defense":20,"Speed":4,"Special":{"Test":-12}},{"PlayerName":"Player15","Attack":20,"Defense":28,"Speed":36,"Special":{"Test":44,"Test2":20}},{"PlayerName":"Player16","Attack":37,"Defense":3,"Speed":-31,"Special":{"Test":-65,"Test2":20}}]