{"frames":{"clouds":{"frame":{"x":2,"y":2,"w":1024,"h":1024},"rotated":false,"trimmed":false,"spriteSourceSize":{"x":0,"y":0,"w":1024,"h":1024},"sourceSize":{"w":1024,"h":1024},"pivot":{"x":0.5,"y":0.5}},"grid":{"frame":{"x":1030,"y":2,"w":512,"h":1024},"rotated":false,"trimmed":false,"spriteSourceSize":{"x":0,"y":0,"w":512,"h":1024},"sourceSize":{"w":512,"h":1024},"pivot":{"x":0.5,"y":0.5}},"perfect-game/perfect":{"frame":{"x":2,"y":1030,"w":613,"h":254},"rotated":false,"trimmed":false,"spriteSourceSize":{"x":0,"y":0,"w":613,"h":254},"sourceSize":{"w":613,"h":254},"pivot":{"x":0.5,"y":0.5}},"sand":{"frame":{"x":2,"y":1288,"w":512,"h":256},"rotated":false,"trimmed":false,"spriteSourceSize":{"x":0,"y":0,"w":512,"h":256},"sourceSize":{"w":512,"h":256},"pivot":{"x":0.5,"y":0.5}},"perfect-game/game":{"frame":{"x":518,"y":1288,"w":447,"h":245},"rotated":false,"trimmed":false,"spriteSourceSize":{"x":0,"y":0,"w":447,"h":245},"sourceSize":{"w":447,"h":245},"pivot":{"x":0.5,"y":0.5}},"ui/Button":{"frame":{"x":619,"y":1030,"w":347,"h":133},"rotated":false,"trimmed":false,"spriteSourceSize":{"x":0,"y":0,"w":347,"h":133},"sourceSize":{"w":347,"h":133},"pivot":{"x":0.5,"y":0.5}},"ui/Button_Pressed":{"frame":{"x":970,"y":1030,"w":347,"h":133},"rotated":false,"trimmed":false,"spriteSourceSize":{"x":0,"y":0,"w":347,"h":133},"sourceSize":{"w":347,"h":133},"pivot":{"x":0.5,"y":0.5}},"ui/Panel":{"frame":{"x":969,"y":1167,"w":344,"h":341},"rotated":false,"trimmed":false,"spriteSourceSize":{"x":0,"y":0,"w":344,"h":341},"sourceSize":{"w":344,"h":341},"pivot":{"x":0.5,"y":0.5}},"ship_counter":{"frame":{"x":1546,"y":2,"w":313,"h":228},"rotated":false,"trimmed":false,"spriteSourceSize":{"x":0,"y":0,"w":313,"h":228},"sourceSize":{"w":313,"h":228},"pivot":{"x":0.5,"y":0.5}},"select":{"frame":{"x":1546,"y":234,"w":262,"h":263},"rotated":false,"trimmed":false,"spriteSourceSize":{"x":0,"y":0,"w":262,"h":263},"sourceSize":{"w":262,"h":263},"pivot":{"x":0.5,"y":0.5}},"target_one":{"frame":{"x":1546,"y":501,"w":262,"h":263},"rotated":false,"trimmed":false,"spriteSourceSize":{"x":0,"y":0,"w":262,"h":263},"sourceSize":{"w":262,"h":263},"pivot":{"x":0.5,"y":0.5}},"button_barrage_default":{"frame":{"x":1546,"y":768,"w":256,"h":256},"rotated":false,"trimmed":false,"spriteSourceSize":{"x":0,"y":0,"w":256,"h":256},"sourceSize":{"w":256,"h":256},"pivot":{"x":0.5,"y":0.5}},"button_barrage_off":{"frame":{"x":1546,"y":1028,"w":256,"h":256},"rotated":false,"trimmed":false,"spriteSourceSize":{"x":0,"y":0,"w":256,"h":256},"sourceSize":{"w":256,"h":256},"pivot":{"x":0.5,"y":0.5}},"button_barrage_on":{"frame":{"x":1317,"y":1288,"w":256,"h":256},"rotated":false,"trimmed":false,"spriteSourceSize":{"x":0,"y":0,"w":256,"h":256},"sourceSize":{"w":256,"h":256},"pivot":{"x":0.5,"y":0.5}},"button_canonball_default":{"frame":{"x":1577,"y":1288,"w":256,"h":256},"rotated":false,"trimmed":false,"spriteSourceSize":{"x":0,"y":0,"w":256,"h":256},"sourceSize":{"w":256,"h":256},"pivot":{"x":0.5,"y":0.5}},"button_canonball_on":{"frame":{"x":2,"y":1548,"w":256,"h":256},"rotated":false,"trimmed":false,"spriteSourceSize":{"x":0,"y":0,"w":256,"h":256},"sourceSize":{"w":256,"h":256},"pivot":{"x":0.5,"y":0.5}},"button_marker_default":{"frame":{"x":262,"y":1548,"w":256,"h":256},"rotated":false,"trimmed":false,"spriteSourceSize":{"x":0,"y":0,"w":256,"h":256},"sourceSize":{"w":256,"h":256},"pivot":{"x":0.5,"y":0.5}},"button_marker_on_1":{"frame":{"x":522,"y":1548,"w":256,"h":256},"rotated":false,"trimmed":false,"spriteSourceSize":{"x":0,"y":0,"w":256,"h":256},"sourceSize":{"w":256,"h":256},"pivot":{"x":0.5,"y":0.5}},"button_spy_default":{"frame":{"x":782,"y":1548,"w":256,"h":256},"rotated":false,"trimmed":false,"spriteSourceSize":{"x":0,"y":0,"w":256,"h":256},"sourceSize":{"w":256,"h":256},"pivot":{"x":0.5,"y":0.5}},"button_spy_off":{"frame":{"x":1042,"y":1548,"w":256,"h":256},"rotated":false,"trimmed":false,"spriteSourceSize":{"x":0,"y":0,"w":256,"h":256},"sourceSize":{"w":256,"h":256},"pivot":{"x":0.5,"y":0.5}},"button_spy_on":{"frame":{"x":1302,"y":1548,"w":256,"h":256},"rotated":false,"trimmed":false,"spriteSourceSize":{"x":0,"y":0,"w":256,"h":256},"sourceSize":{"w":256,"h":256},"pivot":{"x":0.5,"y":0.5}},"button_wind_default":{"frame":{"x":1562,"y":1548,"w":256,"h":256},"rotated":false,"trimmed":false,"spriteSourceSize":{"x":0,"y":0,"w":256,"h":256},"sourceSize":{"w":256,"h":256},"pivot":{"x":0.5,"y":0.5}},"button_wind_off":{"frame":{"x":2,"y":1808,"w":256,"h":256},"rotated":false,"trimmed":false,"spriteSourceSize":{"x":0,"y":0,"w":256,"h":256},"sourceSize":{"w":256,"h":256},"pivot":{"x":0.5,"y":0.5}},"button_wind_on":{"frame":{"x":262,"y":1808,"w":256,"h":256},"rotated":false,"trimmed":false,"spriteSourceSize":{"x":0,"y":0,"w":256,"h":256},"sourceSize":{"w":256,"h":256},"pivot":{"x":0.5,"y":0.5}},"revealed_water":{"frame":{"x":522,"y":1808,"w":256,"h":256},"rotated":false,"trimmed":false,"spriteSourceSize":{"x":0,"y":0,"w":256,"h":256},"sourceSize":{"w":256,"h":256},"pivot":{"x":0.5,"y":0.5}},"ship_gold_damaged":{"frame":{"x":782,"y":1808,"w":256,"h":256},"rotated":false,"trimmed":false,"spriteSourceSize":{"x":0,"y":0,"w":256,"h":256},"sourceSize":{"w":256,"h":256},"pivot":{"x":0.5,"y":0.5}},"ship_regular_damaged":{"frame":{"x":1042,"y":1808,"w":256,"h":256},"rotated":false,"trimmed":false,"spriteSourceSize":{"x":0,"y":0,"w":256,"h":256},"sourceSize":{"w":256,"h":256},"pivot":{"x":0.5,"y":0.5}},"target_3x3":{"frame":{"x":1321,"y":1030,"w":200,"h":202},"rotated":false,"trimmed":false,"spriteSourceSize":{"x":0,"y":0,"w":200,"h":202},"sourceSize":{"w":200,"h":202},"pivot":{"x":0.5,"y":0.5}},"autoplay_off":{"frame":{"x":1302,"y":1808,"w":136,"h":146},"rotated":false,"trimmed":false,"spriteSourceSize":{"x":0,"y":0,"w":136,"h":146},"sourceSize":{"w":136,"h":146},"pivot":{"x":0.5,"y":0.5}},"autoplay_on":{"frame":{"x":1442,"y":1808,"w":136,"h":146},"rotated":false,"trimmed":false,"spriteSourceSize":{"x":0,"y":0,"w":136,"h":146},"sourceSize":{"w":136,"h":146},"pivot":{"x":0.5,"y":0.5}},"miss_counter":{"frame":{"x":1582,"y":1808,"w":137,"h":141},"rotated":false,"trimmed":false,"spriteSourceSize":{"x":0,"y":0,"w":137,"h":141},"sourceSize":{"w":137,"h":141},"pivot":{"x":0.5,"y":0.5}},"perfect-game/star_1":{"frame":{"x":1723,"y":1808,"w":133,"h":132},"rotated":false,"trimmed":false,"spriteSourceSize":{"x":0,"y":0,"w":133,"h":132},"sourceSize":{"w":133,"h":132},"pivot":{"x":0.5,"y":0.5}},"perfect-game/star_2":{"frame":{"x":1863,"y":2,"w":133,"h":132},"rotated":false,"trimmed":false,"spriteSourceSize":{"x":0,"y":0,"w":133,"h":132},"sourceSize":{"w":133,"h":132},"pivot":{"x":0.5,"y":0.5}},"cannon":{"frame":{"x":1863,"y":138,"w":128,"h":128},"rotated":false,"trimmed":false,"spriteSourceSize":{"x":0,"y":0,"w":128,"h":128},"sourceSize":{"w":128,"h":128},"pivot":{"x":0.5,"y":0.5}},"cloud_mask":{"frame":{"x":1860,"y":270,"w":128,"h":128},"rotated":false,"trimmed":false,"spriteSourceSize":{"x":0,"y":0,"w":128,"h":128},"sourceSize":{"w":128,"h":128},"pivot":{"x":0.5,"y":0.5}},"pegs/Peg_0":{"frame":{"x":1860,"y":402,"w":128,"h":128},"rotated":false,"trimmed":false,"spriteSourceSize":{"x":0,"y":0,"w":128,"h":128},"sourceSize":{"w":128,"h":128},"pivot":{"x":0.5,"y":0.5}},"pegs/Peg_1":{"frame":{"x":1860,"y":534,"w":128,"h":128},"rotated":false,"trimmed":false,"spriteSourceSize":{"x":0,"y":0,"w":128,"h":128},"sourceSize":{"w":128,"h":128},"pivot":{"x":0.5,"y":0.5}},"pegs/Peg_10":{"frame":{"x":1860,"y":666,"w":128,"h":128},"rotated":false,"trimmed":false,"spriteSourceSize":{"x":0,"y":0,"w":128,"h":128},"sourceSize":{"w":128,"h":128},"pivot":{"x":0.5,"y":0.5}},"pegs/Peg_2":{"frame":{"x":1860,"y":798,"w":128,"h":128},"rotated":false,"trimmed":false,"spriteSourceSize":{"x":0,"y":0,"w":128,"h":128},"sourceSize":{"w":128,"h":128},"pivot":{"x":0.5,"y":0.5}},"pegs/Peg_3":{"frame":{"x":1860,"y":930,"w":128,"h":128},"rotated":false,"trimmed":false,"spriteSourceSize":{"x":0,"y":0,"w":128,"h":128},"sourceSize":{"w":128,"h":128},"pivot":{"x":0.5,"y":0.5}},"pegs/Peg_4":{"frame":{"x":1860,"y":1062,"w":128,"h":128},"rotated":false,"trimmed":false,"spriteSourceSize":{"x":0,"y":0,"w":128,"h":128},"sourceSize":{"w":128,"h":128},"pivot":{"x":0.5,"y":0.5}},"pegs/Peg_5":{"frame":{"x":1860,"y":1194,"w":128,"h":128},"rotated":false,"trimmed":false,"spriteSourceSize":{"x":0,"y":0,"w":128,"h":128},"sourceSize":{"w":128,"h":128},"pivot":{"x":0.5,"y":0.5}},"pegs/Peg_6":{"frame":{"x":1860,"y":1326,"w":128,"h":128},"rotated":false,"trimmed":false,"spriteSourceSize":{"x":0,"y":0,"w":128,"h":128},"sourceSize":{"w":128,"h":128},"pivot":{"x":0.5,"y":0.5}},"pegs/Peg_7":{"frame":{"x":1860,"y":1458,"w":128,"h":128},"rotated":false,"trimmed":false,"spriteSourceSize":{"x":0,"y":0,"w":128,"h":128},"sourceSize":{"w":128,"h":128},"pivot":{"x":0.5,"y":0.5}},"white-blur":{"frame":{"x":1860,"y":1590,"w":128,"h":128},"rotated":false,"trimmed":false,"spriteSourceSize":{"x":0,"y":0,"w":128,"h":128},"sourceSize":{"w":128,"h":128},"pivot":{"x":0.5,"y":0.5}},"horizontal-grad":{"frame":{"x":1723,"y":1944,"w":120,"h":120},"rotated":false,"trimmed":false,"spriteSourceSize":{"x":0,"y":0,"w":120,"h":120},"sourceSize":{"w":120,"h":120},"pivot":{"x":0.5,"y":0.5}},"vertical-grad":{"frame":{"x":1847,"y":1944,"w":120,"h":120},"rotated":false,"trimmed":false,"spriteSourceSize":{"x":0,"y":0,"w":120,"h":120},"sourceSize":{"w":120,"h":120},"pivot":{"x":0.5,"y":0.5}},"toggle_arrows":{"frame":{"x":1302,"y":1958,"w":111,"h":99},"rotated":false,"trimmed":false,"spriteSourceSize":{"x":0,"y":0,"w":111,"h":99},"sourceSize":{"w":111,"h":99},"pivot":{"x":0.5,"y":0.5}},"canonTube":{"frame":{"x":1582,"y":1953,"w":29,"h":107},"rotated":false,"trimmed":false,"spriteSourceSize":{"x":0,"y":0,"w":29,"h":107},"sourceSize":{"w":29,"h":107},"pivot":{"x":0.5,"y":0.5}},"canonWheels":{"frame":{"x":1417,"y":1958,"w":96,"h":101},"rotated":false,"trimmed":false,"spriteSourceSize":{"x":0,"y":0,"w":96,"h":101},"sourceSize":{"w":96,"h":101},"pivot":{"x":0.5,"y":0.5}},"cloud_mask-sm":{"frame":{"x":1615,"y":1953,"w":100,"h":100},"rotated":false,"trimmed":false,"spriteSourceSize":{"x":0,"y":0,"w":100,"h":100},"sourceSize":{"w":100,"h":100},"pivot":{"x":0.5,"y":0.5}},"treasure_island":{"frame":{"x":619,"y":1167,"w":88,"h":94},"rotated":false,"trimmed":false,"spriteSourceSize":{"x":0,"y":0,"w":88,"h":94},"sourceSize":{"w":88,"h":94},"pivot":{"x":0.5,"y":0.5}},"Safe_Marker":{"frame":{"x":711,"y":1167,"w":81,"h":85},"rotated":false,"trimmed":false,"spriteSourceSize":{"x":0,"y":0,"w":81,"h":85},"sourceSize":{"w":81,"h":85},"pivot":{"x":0.5,"y":0.5}},"target_cross_2":{"frame":{"x":1822,"y":1722,"w":80,"h":82},"rotated":false,"trimmed":false,"spriteSourceSize":{"x":0,"y":0,"w":80,"h":82},"sourceSize":{"w":80,"h":82},"pivot":{"x":0.5,"y":0.5}},"pirate_ship_damaged":{"frame":{"x":1906,"y":1722,"w":80,"h":74},"rotated":false,"trimmed":false,"spriteSourceSize":{"x":0,"y":0,"w":80,"h":74},"sourceSize":{"w":80,"h":74},"pivot":{"x":0.5,"y":0.5}},"cross-tile":{"frame":{"x":1906,"y":1800,"w":72,"h":75},"rotated":false,"trimmed":false,"spriteSourceSize":{"x":0,"y":0,"w":72,"h":75},"sourceSize":{"w":72,"h":75},"pivot":{"x":0.5,"y":0.5}},"cannonball":{"frame":{"x":796,"y":1167,"w":64,"h":64},"rotated":false,"trimmed":false,"spriteSourceSize":{"x":0,"y":0,"w":64,"h":64},"sourceSize":{"w":64,"h":64},"pivot":{"x":0.5,"y":0.5}},"pirateship_r":{"frame":{"x":864,"y":1167,"w":64,"h":64},"rotated":false,"trimmed":false,"spriteSourceSize":{"x":0,"y":0,"w":64,"h":64},"sourceSize":{"w":64,"h":64},"pivot":{"x":0.5,"y":0.5}},"pirateship_r_damaged":{"frame":{"x":2000,"y":2,"w":64,"h":64},"rotated":false,"trimmed":false,"spriteSourceSize":{"x":0,"y":0,"w":64,"h":64},"sourceSize":{"w":64,"h":64},"pivot":{"x":0.5,"y":0.5}},"questionMark":{"frame":{"x":2000,"y":70,"w":64,"h":64},"rotated":false,"trimmed":false,"spriteSourceSize":{"x":0,"y":0,"w":64,"h":64},"sourceSize":{"w":64,"h":64},"pivot":{"x":0.5,"y":0.5}},"cloud_particle":{"frame":{"x":969,"y":1512,"w":32,"h":32},"rotated":false,"trimmed":false,"spriteSourceSize":{"x":0,"y":0,"w":32,"h":32},"sourceSize":{"w":32,"h":32},"pivot":{"x":0.5,"y":0.5}},"pegs/Peg_11":{"frame":{"x":1860,"y":666,"w":128,"h":128},"rotated":false,"trimmed":false,"spriteSourceSize":{"x":0,"y":0,"w":128,"h":128},"sourceSize":{"w":128,"h":128},"pivot":{"x":0.5,"y":0.5}},"pegs/Peg_12":{"frame":{"x":1860,"y":666,"w":128,"h":128},"rotated":false,"trimmed":false,"spriteSourceSize":{"x":0,"y":0,"w":128,"h":128},"sourceSize":{"w":128,"h":128},"pivot":{"x":0.5,"y":0.5}},"pegs/Peg_8":{"frame":{"x":1860,"y":666,"w":128,"h":128},"rotated":false,"trimmed":false,"spriteSourceSize":{"x":0,"y":0,"w":128,"h":128},"sourceSize":{"w":128,"h":128},"pivot":{"x":0.5,"y":0.5}},"pegs/Peg_9":{"frame":{"x":1860,"y":666,"w":128,"h":128},"rotated":false,"trimmed":false,"spriteSourceSize":{"x":0,"y":0,"w":128,"h":128},"sourceSize":{"w":128,"h":128},"pivot":{"x":0.5,"y":0.5}}},"meta":{"app":"http://github.com/odrick/free-tex-packer-core","version":"0.3.4","image":"sweeper@1x.png","format":"RGBA8888","size":{"w":2066,"h":2066},"scale":1}}