{"frames":{"clouds":{"frame":{"x":1,"y":1,"w":512,"h":512},"rotated":false,"trimmed":false,"spriteSourceSize":{"x":0,"y":0,"w":512,"h":512},"sourceSize":{"w":512,"h":512},"pivot":{"x":0.5,"y":0.5}},"grid":{"frame":{"x":515,"y":1,"w":256,"h":512},"rotated":false,"trimmed":false,"spriteSourceSize":{"x":0,"y":0,"w":256,"h":512},"sourceSize":{"w":256,"h":512},"pivot":{"x":0.5,"y":0.5}},"perfect-game/perfect":{"frame":{"x":1,"y":515,"w":306.5,"h":127},"rotated":false,"trimmed":false,"spriteSourceSize":{"x":0,"y":0,"w":306.5,"h":127},"sourceSize":{"w":306.5,"h":127},"pivot":{"x":0.5,"y":0.5}},"sand":{"frame":{"x":1,"y":644,"w":256,"h":128},"rotated":false,"trimmed":false,"spriteSourceSize":{"x":0,"y":0,"w":256,"h":128},"sourceSize":{"w":256,"h":128},"pivot":{"x":0.5,"y":0.5}},"perfect-game/game":{"frame":{"x":259,"y":644,"w":223.5,"h":122.5},"rotated":false,"trimmed":false,"spriteSourceSize":{"x":0,"y":0,"w":223.5,"h":122.5},"sourceSize":{"w":223.5,"h":122.5},"pivot":{"x":0.5,"y":0.5}},"ui/Button":{"frame":{"x":309.5,"y":515,"w":173.5,"h":66.5},"rotated":false,"trimmed":false,"spriteSourceSize":{"x":0,"y":0,"w":173.5,"h":66.5},"sourceSize":{"w":173.5,"h":66.5},"pivot":{"x":0.5,"y":0.5}},"ui/Button_Pressed":{"frame":{"x":485,"y":515,"w":173.5,"h":66.5},"rotated":false,"trimmed":false,"spriteSourceSize":{"x":0,"y":0,"w":173.5,"h":66.5},"sourceSize":{"w":173.5,"h":66.5},"pivot":{"x":0.5,"y":0.5}},"ui/Panel":{"frame":{"x":484.5,"y":583.5,"w":172,"h":170.5},"rotated":false,"trimmed":false,"spriteSourceSize":{"x":0,"y":0,"w":172,"h":170.5},"sourceSize":{"w":172,"h":170.5},"pivot":{"x":0.5,"y":0.5}},"ship_counter":{"frame":{"x":773,"y":1,"w":156.5,"h":114},"rotated":false,"trimmed":false,"spriteSourceSize":{"x":0,"y":0,"w":156.5,"h":114},"sourceSize":{"w":156.5,"h":114},"pivot":{"x":0.5,"y":0.5}},"select":{"frame":{"x":773,"y":117,"w":131,"h":131.5},"rotated":false,"trimmed":false,"spriteSourceSize":{"x":0,"y":0,"w":131,"h":131.5},"sourceSize":{"w":131,"h":131.5},"pivot":{"x":0.5,"y":0.5}},"target_one":{"frame":{"x":773,"y":250.5,"w":131,"h":131.5},"rotated":false,"trimmed":false,"spriteSourceSize":{"x":0,"y":0,"w":131,"h":131.5},"sourceSize":{"w":131,"h":131.5},"pivot":{"x":0.5,"y":0.5}},"button_barrage_default":{"frame":{"x":773,"y":384,"w":128,"h":128},"rotated":false,"trimmed":false,"spriteSourceSize":{"x":0,"y":0,"w":128,"h":128},"sourceSize":{"w":128,"h":128},"pivot":{"x":0.5,"y":0.5}},"button_barrage_off":{"frame":{"x":773,"y":514,"w":128,"h":128},"rotated":false,"trimmed":false,"spriteSourceSize":{"x":0,"y":0,"w":128,"h":128},"sourceSize":{"w":128,"h":128},"pivot":{"x":0.5,"y":0.5}},"button_barrage_on":{"frame":{"x":658.5,"y":644,"w":128,"h":128},"rotated":false,"trimmed":false,"spriteSourceSize":{"x":0,"y":0,"w":128,"h":128},"sourceSize":{"w":128,"h":128},"pivot":{"x":0.5,"y":0.5}},"button_canonball_default":{"frame":{"x":788.5,"y":644,"w":128,"h":128},"rotated":false,"trimmed":false,"spriteSourceSize":{"x":0,"y":0,"w":128,"h":128},"sourceSize":{"w":128,"h":128},"pivot":{"x":0.5,"y":0.5}},"button_canonball_on":{"frame":{"x":1,"y":774,"w":128,"h":128},"rotated":false,"trimmed":false,"spriteSourceSize":{"x":0,"y":0,"w":128,"h":128},"sourceSize":{"w":128,"h":128},"pivot":{"x":0.5,"y":0.5}},"button_marker_default":{"frame":{"x":131,"y":774,"w":128,"h":128},"rotated":false,"trimmed":false,"spriteSourceSize":{"x":0,"y":0,"w":128,"h":128},"sourceSize":{"w":128,"h":128},"pivot":{"x":0.5,"y":0.5}},"button_marker_on_1":{"frame":{"x":261,"y":774,"w":128,"h":128},"rotated":false,"trimmed":false,"spriteSourceSize":{"x":0,"y":0,"w":128,"h":128},"sourceSize":{"w":128,"h":128},"pivot":{"x":0.5,"y":0.5}},"button_spy_default":{"frame":{"x":391,"y":774,"w":128,"h":128},"rotated":false,"trimmed":false,"spriteSourceSize":{"x":0,"y":0,"w":128,"h":128},"sourceSize":{"w":128,"h":128},"pivot":{"x":0.5,"y":0.5}},"button_spy_off":{"frame":{"x":521,"y":774,"w":128,"h":128},"rotated":false,"trimmed":false,"spriteSourceSize":{"x":0,"y":0,"w":128,"h":128},"sourceSize":{"w":128,"h":128},"pivot":{"x":0.5,"y":0.5}},"button_spy_on":{"frame":{"x":651,"y":774,"w":128,"h":128},"rotated":false,"trimmed":false,"spriteSourceSize":{"x":0,"y":0,"w":128,"h":128},"sourceSize":{"w":128,"h":128},"pivot":{"x":0.5,"y":0.5}},"button_wind_default":{"frame":{"x":781,"y":774,"w":128,"h":128},"rotated":false,"trimmed":false,"spriteSourceSize":{"x":0,"y":0,"w":128,"h":128},"sourceSize":{"w":128,"h":128},"pivot":{"x":0.5,"y":0.5}},"button_wind_off":{"frame":{"x":1,"y":904,"w":128,"h":128},"rotated":false,"trimmed":false,"spriteSourceSize":{"x":0,"y":0,"w":128,"h":128},"sourceSize":{"w":128,"h":128},"pivot":{"x":0.5,"y":0.5}},"button_wind_on":{"frame":{"x":131,"y":904,"w":128,"h":128},"rotated":false,"trimmed":false,"spriteSourceSize":{"x":0,"y":0,"w":128,"h":128},"sourceSize":{"w":128,"h":128},"pivot":{"x":0.5,"y":0.5}},"revealed_water":{"frame":{"x":261,"y":904,"w":128,"h":128},"rotated":false,"trimmed":false,"spriteSourceSize":{"x":0,"y":0,"w":128,"h":128},"sourceSize":{"w":128,"h":128},"pivot":{"x":0.5,"y":0.5}},"ship_gold_damaged":{"frame":{"x":391,"y":904,"w":128,"h":128},"rotated":false,"trimmed":false,"spriteSourceSize":{"x":0,"y":0,"w":128,"h":128},"sourceSize":{"w":128,"h":128},"pivot":{"x":0.5,"y":0.5}},"ship_regular_damaged":{"frame":{"x":521,"y":904,"w":128,"h":128},"rotated":false,"trimmed":false,"spriteSourceSize":{"x":0,"y":0,"w":128,"h":128},"sourceSize":{"w":128,"h":128},"pivot":{"x":0.5,"y":0.5}},"target_3x3":{"frame":{"x":660.5,"y":515,"w":100,"h":101},"rotated":false,"trimmed":false,"spriteSourceSize":{"x":0,"y":0,"w":100,"h":101},"sourceSize":{"w":100,"h":101},"pivot":{"x":0.5,"y":0.5}},"autoplay_off":{"frame":{"x":651,"y":904,"w":68,"h":73},"rotated":false,"trimmed":false,"spriteSourceSize":{"x":0,"y":0,"w":68,"h":73},"sourceSize":{"w":68,"h":73},"pivot":{"x":0.5,"y":0.5}},"autoplay_on":{"frame":{"x":721,"y":904,"w":68,"h":73},"rotated":false,"trimmed":false,"spriteSourceSize":{"x":0,"y":0,"w":68,"h":73},"sourceSize":{"w":68,"h":73},"pivot":{"x":0.5,"y":0.5}},"miss_counter":{"frame":{"x":791,"y":904,"w":68.5,"h":70.5},"rotated":false,"trimmed":false,"spriteSourceSize":{"x":0,"y":0,"w":68.5,"h":70.5},"sourceSize":{"w":68.5,"h":70.5},"pivot":{"x":0.5,"y":0.5}},"perfect-game/star_1":{"frame":{"x":861.5,"y":904,"w":66.5,"h":66},"rotated":false,"trimmed":false,"spriteSourceSize":{"x":0,"y":0,"w":66.5,"h":66},"sourceSize":{"w":66.5,"h":66},"pivot":{"x":0.5,"y":0.5}},"perfect-game/star_2":{"frame":{"x":931.5,"y":1,"w":66.5,"h":66},"rotated":false,"trimmed":false,"spriteSourceSize":{"x":0,"y":0,"w":66.5,"h":66},"sourceSize":{"w":66.5,"h":66},"pivot":{"x":0.5,"y":0.5}},"cannon":{"frame":{"x":931.5,"y":69,"w":64,"h":64},"rotated":false,"trimmed":false,"spriteSourceSize":{"x":0,"y":0,"w":64,"h":64},"sourceSize":{"w":64,"h":64},"pivot":{"x":0.5,"y":0.5}},"cloud_mask":{"frame":{"x":930,"y":135,"w":64,"h":64},"rotated":false,"trimmed":false,"spriteSourceSize":{"x":0,"y":0,"w":64,"h":64},"sourceSize":{"w":64,"h":64},"pivot":{"x":0.5,"y":0.5}},"pegs/Peg_0":{"frame":{"x":930,"y":201,"w":64,"h":64},"rotated":false,"trimmed":false,"spriteSourceSize":{"x":0,"y":0,"w":64,"h":64},"sourceSize":{"w":64,"h":64},"pivot":{"x":0.5,"y":0.5}},"pegs/Peg_1":{"frame":{"x":930,"y":267,"w":64,"h":64},"rotated":false,"trimmed":false,"spriteSourceSize":{"x":0,"y":0,"w":64,"h":64},"sourceSize":{"w":64,"h":64},"pivot":{"x":0.5,"y":0.5}},"pegs/Peg_10":{"frame":{"x":930,"y":333,"w":64,"h":64},"rotated":false,"trimmed":false,"spriteSourceSize":{"x":0,"y":0,"w":64,"h":64},"sourceSize":{"w":64,"h":64},"pivot":{"x":0.5,"y":0.5}},"pegs/Peg_2":{"frame":{"x":930,"y":399,"w":64,"h":64},"rotated":false,"trimmed":false,"spriteSourceSize":{"x":0,"y":0,"w":64,"h":64},"sourceSize":{"w":64,"h":64},"pivot":{"x":0.5,"y":0.5}},"pegs/Peg_3":{"frame":{"x":930,"y":465,"w":64,"h":64},"rotated":false,"trimmed":false,"spriteSourceSize":{"x":0,"y":0,"w":64,"h":64},"sourceSize":{"w":64,"h":64},"pivot":{"x":0.5,"y":0.5}},"pegs/Peg_4":{"frame":{"x":930,"y":531,"w":64,"h":64},"rotated":false,"trimmed":false,"spriteSourceSize":{"x":0,"y":0,"w":64,"h":64},"sourceSize":{"w":64,"h":64},"pivot":{"x":0.5,"y":0.5}},"pegs/Peg_5":{"frame":{"x":930,"y":597,"w":64,"h":64},"rotated":false,"trimmed":false,"spriteSourceSize":{"x":0,"y":0,"w":64,"h":64},"sourceSize":{"w":64,"h":64},"pivot":{"x":0.5,"y":0.5}},"pegs/Peg_6":{"frame":{"x":930,"y":663,"w":64,"h":64},"rotated":false,"trimmed":false,"spriteSourceSize":{"x":0,"y":0,"w":64,"h":64},"sourceSize":{"w":64,"h":64},"pivot":{"x":0.5,"y":0.5}},"pegs/Peg_7":{"frame":{"x":930,"y":729,"w":64,"h":64},"rotated":false,"trimmed":false,"spriteSourceSize":{"x":0,"y":0,"w":64,"h":64},"sourceSize":{"w":64,"h":64},"pivot":{"x":0.5,"y":0.5}},"white-blur":{"frame":{"x":930,"y":795,"w":64,"h":64},"rotated":false,"trimmed":false,"spriteSourceSize":{"x":0,"y":0,"w":64,"h":64},"sourceSize":{"w":64,"h":64},"pivot":{"x":0.5,"y":0.5}},"horizontal-grad":{"frame":{"x":861.5,"y":972,"w":60,"h":60},"rotated":false,"trimmed":false,"spriteSourceSize":{"x":0,"y":0,"w":60,"h":60},"sourceSize":{"w":60,"h":60},"pivot":{"x":0.5,"y":0.5}},"vertical-grad":{"frame":{"x":923.5,"y":972,"w":60,"h":60},"rotated":false,"trimmed":false,"spriteSourceSize":{"x":0,"y":0,"w":60,"h":60},"sourceSize":{"w":60,"h":60},"pivot":{"x":0.5,"y":0.5}},"toggle_arrows":{"frame":{"x":651,"y":979,"w":55.5,"h":49.5},"rotated":false,"trimmed":false,"spriteSourceSize":{"x":0,"y":0,"w":55.5,"h":49.5},"sourceSize":{"w":55.5,"h":49.5},"pivot":{"x":0.5,"y":0.5}},"canonTube":{"frame":{"x":791,"y":976.5,"w":14.5,"h":53.5},"rotated":false,"trimmed":false,"spriteSourceSize":{"x":0,"y":0,"w":14.5,"h":53.5},"sourceSize":{"w":14.5,"h":53.5},"pivot":{"x":0.5,"y":0.5}},"canonWheels":{"frame":{"x":708.5,"y":979,"w":48,"h":50.5},"rotated":false,"trimmed":false,"spriteSourceSize":{"x":0,"y":0,"w":48,"h":50.5},"sourceSize":{"w":48,"h":50.5},"pivot":{"x":0.5,"y":0.5}},"cloud_mask-sm":{"frame":{"x":807.5,"y":976.5,"w":50,"h":50},"rotated":false,"trimmed":false,"spriteSourceSize":{"x":0,"y":0,"w":50,"h":50},"sourceSize":{"w":50,"h":50},"pivot":{"x":0.5,"y":0.5}},"treasure_island":{"frame":{"x":309.5,"y":583.5,"w":44,"h":47},"rotated":false,"trimmed":false,"spriteSourceSize":{"x":0,"y":0,"w":44,"h":47},"sourceSize":{"w":44,"h":47},"pivot":{"x":0.5,"y":0.5}},"Safe_Marker":{"frame":{"x":355.5,"y":583.5,"w":40.5,"h":42.5},"rotated":false,"trimmed":false,"spriteSourceSize":{"x":0,"y":0,"w":40.5,"h":42.5},"sourceSize":{"w":40.5,"h":42.5},"pivot":{"x":0.5,"y":0.5}},"target_cross_2":{"frame":{"x":911,"y":861,"w":40,"h":41},"rotated":false,"trimmed":false,"spriteSourceSize":{"x":0,"y":0,"w":40,"h":41},"sourceSize":{"w":40,"h":41},"pivot":{"x":0.5,"y":0.5}},"pirate_ship_damaged":{"frame":{"x":953,"y":861,"w":40,"h":37},"rotated":false,"trimmed":false,"spriteSourceSize":{"x":0,"y":0,"w":40,"h":37},"sourceSize":{"w":40,"h":37},"pivot":{"x":0.5,"y":0.5}},"cross-tile":{"frame":{"x":953,"y":900,"w":36,"h":37.5},"rotated":false,"trimmed":false,"spriteSourceSize":{"x":0,"y":0,"w":36,"h":37.5},"sourceSize":{"w":36,"h":37.5},"pivot":{"x":0.5,"y":0.5}},"cannonball":{"frame":{"x":398,"y":583.5,"w":32,"h":32},"rotated":false,"trimmed":false,"spriteSourceSize":{"x":0,"y":0,"w":32,"h":32},"sourceSize":{"w":32,"h":32},"pivot":{"x":0.5,"y":0.5}},"pirateship_r":{"frame":{"x":432,"y":583.5,"w":32,"h":32},"rotated":false,"trimmed":false,"spriteSourceSize":{"x":0,"y":0,"w":32,"h":32},"sourceSize":{"w":32,"h":32},"pivot":{"x":0.5,"y":0.5}},"pirateship_r_damaged":{"frame":{"x":1000,"y":1,"w":32,"h":32},"rotated":false,"trimmed":false,"spriteSourceSize":{"x":0,"y":0,"w":32,"h":32},"sourceSize":{"w":32,"h":32},"pivot":{"x":0.5,"y":0.5}},"questionMark":{"frame":{"x":1000,"y":35,"w":32,"h":32},"rotated":false,"trimmed":false,"spriteSourceSize":{"x":0,"y":0,"w":32,"h":32},"sourceSize":{"w":32,"h":32},"pivot":{"x":0.5,"y":0.5}},"cloud_particle":{"frame":{"x":484.5,"y":756,"w":16,"h":16},"rotated":false,"trimmed":false,"spriteSourceSize":{"x":0,"y":0,"w":16,"h":16},"sourceSize":{"w":16,"h":16},"pivot":{"x":0.5,"y":0.5}},"pegs/Peg_11":{"frame":{"x":930,"y":333,"w":64,"h":64},"rotated":false,"trimmed":false,"spriteSourceSize":{"x":0,"y":0,"w":64,"h":64},"sourceSize":{"w":64,"h":64},"pivot":{"x":0.5,"y":0.5}},"pegs/Peg_12":{"frame":{"x":930,"y":333,"w":64,"h":64},"rotated":false,"trimmed":false,"spriteSourceSize":{"x":0,"y":0,"w":64,"h":64},"sourceSize":{"w":64,"h":64},"pivot":{"x":0.5,"y":0.5}},"pegs/Peg_8":{"frame":{"x":930,"y":333,"w":64,"h":64},"rotated":false,"trimmed":false,"spriteSourceSize":{"x":0,"y":0,"w":64,"h":64},"sourceSize":{"w":64,"h":64},"pivot":{"x":0.5,"y":0.5}},"pegs/Peg_9":{"frame":{"x":930,"y":333,"w":64,"h":64},"rotated":false,"trimmed":false,"spriteSourceSize":{"x":0,"y":0,"w":64,"h":64},"sourceSize":{"w":64,"h":64},"pivot":{"x":0.5,"y":0.5}}},"meta":{"app":"http://github.com/odrick/free-tex-packer-core","version":"0.3.4","image":"sweeper@0.5x.png","format":"RGBA8888","size":{"w":1033,"h":1033},"scale":0.5}}