{"characters":{"mask_dude":{"double_jump":[{"key":"characters","frame":"mask_dude/double_jump/double_jump_tile_0_0"},{"key":"characters","frame":"mask_dude/double_jump/double_jump_tile_0_1"},{"key":"characters","frame":"mask_dude/double_jump/double_jump_tile_0_2"},{"key":"characters","frame":"mask_dude/double_jump/double_jump_tile_0_3"},{"key":"characters","frame":"mask_dude/double_jump/double_jump_tile_0_4"},{"key":"characters","frame":"mask_dude/double_jump/double_jump_tile_0_5"}],"fall":[{"key":"characters","frame":"mask_dude/fall/fall_tile_0_0"}],"hit":[{"key":"characters","frame":"mask_dude/hit/hit_tile_0_0"},{"key":"characters","frame":"mask_dude/hit/hit_tile_0_1"},{"key":"characters","frame":"mask_dude/hit/hit_tile_0_2"},{"key":"characters","frame":"mask_dude/hit/hit_tile_0_3"},{"key":"characters","frame":"mask_dude/hit/hit_tile_0_4"},{"key":"characters","frame":"mask_dude/hit/hit_tile_0_5"},{"key":"characters","frame":"mask_dude/hit/hit_tile_0_6"}],"idle":[{"key":"characters","frame":"mask_dude/idle/idle_tile_0_0"},{"key":"characters","frame":"mask_dude/idle/idle_tile_0_1"},{"key":"characters","frame":"mask_dude/idle/idle_tile_0_2"},{"key":"characters","frame":"mask_dude/idle/idle_tile_0_3"},{"key":"characters","frame":"mask_dude/idle/idle_tile_0_4"},{"key":"characters","frame":"mask_dude/idle/idle_tile_0_5"},{"key":"characters","frame":"mask_dude/idle/idle_tile_0_6"},{"key":"characters","frame":"mask_dude/idle/idle_tile_0_7"},{"key":"characters","frame":"mask_dude/idle/idle_tile_0_8"},{"key":"characters","frame":"mask_dude/idle/idle_tile_0_9"},{"key":"characters","frame":"mask_dude/idle/idle_tile_0_10"}],"jump":[{"key":"characters","frame":"mask_dude/jump/jump_tile_0_0"}],"run":[{"key":"characters","frame":"mask_dude/run/run_tile_0_0"},{"key":"characters","frame":"mask_dude/run/run_tile_0_1"},{"key":"characters","frame":"mask_dude/run/run_tile_0_2"},{"key":"characters","frame":"mask_dude/run/run_tile_0_3"},{"key":"characters","frame":"mask_dude/run/run_tile_0_4"},{"key":"characters","frame":"mask_dude/run/run_tile_0_5"},{"key":"characters","frame":"mask_dude/run/run_tile_0_6"},{"key":"characters","frame":"mask_dude/run/run_tile_0_7"},{"key":"characters","frame":"mask_dude/run/run_tile_0_8"},{"key":"characters","frame":"mask_dude/run/run_tile_0_9"},{"key":"characters","frame":"mask_dude/run/run_tile_0_10"},{"key":"characters","frame":"mask_dude/run/run_tile_0_11"}],"wall_jump":[{"key":"characters","frame":"mask_dude/wall_jump/wall_jump_tile_0_0"},{"key":"characters","frame":"mask_dude/wall_jump/wall_jump_tile_0_1"},{"key":"characters","frame":"mask_dude/wall_jump/wall_jump_tile_0_2"},{"key":"characters","frame":"mask_dude/wall_jump/wall_jump_tile_0_3"},{"key":"characters","frame":"mask_dude/wall_jump/wall_jump_tile_0_4"}]}},"Island":[{"key":"Island","frame":"island_001"},{"key":"Island","frame":"island_002"},{"key":"Island","frame":"island_003"},{"key":"Island","frame":"island_004"},{"key":"Island","frame":"island_005"},{"key":"Island","frame":"island_006"},{"key":"Island","frame":"island_007"},{"key":"Island","frame":"island_008"},{"key":"Island","frame":"island_009"},{"key":"Island","frame":"island_010"},{"key":"Island","frame":"island_011"},{"key":"Island","frame":"island_012"},{"key":"Island","frame":"island_013"},{"key":"Island","frame":"island_014"},{"key":"Island","frame":"island_015"},{"key":"Island","frame":"island_016"},{"key":"Island","frame":"island_017"},{"key":"Island","frame":"island_018"},{"key":"Island","frame":"island_019"},{"key":"Island","frame":"island_020"},{"key":"Island","frame":"island_021"},{"key":"Island","frame":"island_022"},{"key":"Island","frame":"island_023"},{"key":"Island","frame":"island_024"}],"wind":[{"key":"wind","frame":"wind_pu_000"},{"key":"wind","frame":"wind_pu_001"},{"key":"wind","frame":"wind_pu_002"},{"key":"wind","frame":"wind_pu_003"},{"key":"wind","frame":"wind_pu_004"},{"key":"wind","frame":"wind_pu_005"},{"key":"wind","frame":"wind_pu_006"},{"key":"wind","frame":"wind_pu_007"},{"key":"wind","frame":"wind_pu_008"}]}