[
  {
    "type": "emptySpace",
    "height": 50,
    "backgroundColor": "transparent"
  },
  {
    "type": "tiledImage",
    "src": "images/pattern.png",
    "height": 250,
    "backgroundColor": "#000",
    "centeredContent": {
      "src": "images/logo.png",
      "imageHeight": 250,
      "textColor": "#f0f0f0"
    }
  },
  {
    "type": "table",
    "entries": [
      {
        "text": "Sink all the pirate ships by shooting squares on the board with the cannon",
        "image": "images/pirateship_r.png",
        "maxImageWidth": 80,
        "imagePosition": "left",
        "imageHorizontalAlign": "right",
        "textHorizontalAlign": "left",
        "textVerticalAlign": "middle"
      },
      {
        "text": "The numbers at the top and sides tall you how many ships are in that column/row",
        "image": "images/numbers.png",
        "maxImageWidth": 80,
        "imagePosition": "left",
        "imageHorizontalAlign": "right",
        "textHorizontalAlign": "left",
        "textVerticalAlign": "middle"
      },
      {
        "text": "The numbers on the board tell you how many Pirate Ships are next to them",
        "image": "images/grid.png",
        "maxImageWidth": 80,
        "imagePosition": "left",
        "imageHorizontalAlign": "right",
        "textHorizontalAlign": "left",
        "textVerticalAlign": "middle"
      }
    ],
    "tableTitle": "Gameplay",
    "spaceAfter": 50
  },
  {
    "type": "table",
    "entries": [
      {
        "text": "Safe marker lets you block a square on the grid",
        "image": "images/button_marker_default.png",
        "maxImageWidth": 80,
        "imagePosition": "left",
        "textHorizontalAlign": "left",
        "imageHorizontalAlign": "right",
        "textVerticalAlign": "middle"
      },
      {
        "text": "The barage will blow up ships in the row and column it is used on",
        "image": "images/button_barrage_default.png",
        "maxImageWidth": 80,
        "imagePosition": "left",
        "imageHorizontalAlign": "right",
        "textHorizontalAlign": "left",
        "textVerticalAlign": "middle"
      },
      {
        "text": "The spyglass reveals 5 random tiles without ships",
        "image": "images/button_spy_default.png",
        "maxImageWidth": 80,
        "imagePosition": "left",
        "imageHorizontalAlign": "right",
        "textHorizontalAlign": "left",
        "textVerticalAlign": "middle"
      },
      {
        "text": "Wind will blow away all the clouds in a 3x3 area",
        "image": "images/button_wind_default.png",
        "maxImageWidth": 80,
        "imagePosition": "left",
        "imageHorizontalAlign": "right",
        "textHorizontalAlign": "left",
        "textVerticalAlign": "middle"
      }
    ],
    "tableTitle": "Power-ups",
    "spaceAfter": 50
  }
]
