{"frames":{"glow_cirlce":{"frame":{"x":2,"y":2,"w":827,"h":886},"rotated":false,"trimmed":false,"spriteSourceSize":{"x":0,"y":0,"w":827,"h":886},"sourceSize":{"w":827,"h":886},"pivot":{"x":0.5,"y":0.5}},"glow_flat":{"frame":{"x":833,"y":2,"w":788,"h":574},"rotated":false,"trimmed":false,"spriteSourceSize":{"x":0,"y":0,"w":788,"h":574},"sourceSize":{"w":788,"h":574},"pivot":{"x":0.5,"y":0.5}},"gold-glow":{"frame":{"x":2,"y":892,"w":776,"h":475},"rotated":false,"trimmed":false,"spriteSourceSize":{"x":0,"y":0,"w":776,"h":475},"sourceSize":{"w":776,"h":475},"pivot":{"x":0.5,"y":0.5}},"chest_shadow":{"frame":{"x":833,"y":580,"w":680,"h":171},"rotated":false,"trimmed":false,"spriteSourceSize":{"x":0,"y":0,"w":680,"h":171},"sourceSize":{"w":680,"h":171},"pivot":{"x":0.5,"y":0.5}},"star-blur":{"frame":{"x":2,"y":1371,"w":649,"h":636},"rotated":false,"trimmed":false,"spriteSourceSize":{"x":0,"y":0,"w":649,"h":636},"sourceSize":{"w":649,"h":636},"pivot":{"x":0.5,"y":0.5}},"front-chest":{"frame":{"x":833,"y":755,"w":541,"h":311},"rotated":false,"trimmed":false,"spriteSourceSize":{"x":0,"y":0,"w":541,"h":311},"sourceSize":{"w":541,"h":311},"pivot":{"x":0.5,"y":0.5}},"golden-chest":{"frame":{"x":782,"y":1070,"w":541,"h":311},"rotated":false,"trimmed":false,"spriteSourceSize":{"x":0,"y":0,"w":541,"h":311},"sourceSize":{"w":541,"h":311},"pivot":{"x":0.5,"y":0.5}},"golden-lid":{"frame":{"x":655,"y":1385,"w":516,"h":238},"rotated":false,"trimmed":false,"spriteSourceSize":{"x":0,"y":0,"w":516,"h":238},"sourceSize":{"w":516,"h":238},"pivot":{"x":0.5,"y":0.5}},"chest_gold_top":{"frame":{"x":655,"y":1627,"w":497,"h":118},"rotated":false,"trimmed":false,"spriteSourceSize":{"x":0,"y":0,"w":497,"h":118},"sourceSize":{"w":497,"h":118},"pivot":{"x":0.5,"y":0.5}},"golden-lid-close":{"frame":{"x":655,"y":1749,"w":494,"h":225},"rotated":false,"trimmed":false,"spriteSourceSize":{"x":0,"y":0,"w":494,"h":225},"sourceSize":{"w":494,"h":225},"pivot":{"x":0.5,"y":0.5}},"new-coins":{"frame":{"x":1175,"y":1385,"w":368,"h":134},"rotated":false,"trimmed":false,"spriteSourceSize":{"x":0,"y":0,"w":368,"h":134},"sourceSize":{"w":368,"h":134},"pivot":{"x":0.5,"y":0.5}},"new-emeralds":{"frame":{"x":1175,"y":1523,"w":368,"h":134},"rotated":false,"trimmed":false,"spriteSourceSize":{"x":0,"y":0,"w":368,"h":134},"sourceSize":{"w":368,"h":134},"pivot":{"x":0.5,"y":0.5}},"round-blur":{"frame":{"x":1378,"y":755,"w":115,"h":115},"rotated":false,"trimmed":false,"spriteSourceSize":{"x":0,"y":0,"w":115,"h":115},"sourceSize":{"w":115,"h":115},"pivot":{"x":0.5,"y":0.5}},"smoke1":{"frame":{"x":1547,"y":580,"w":64,"h":64},"rotated":false,"trimmed":false,"spriteSourceSize":{"x":0,"y":0,"w":64,"h":64},"sourceSize":{"w":64,"h":64},"pivot":{"x":0.5,"y":0.5}},"smoke2":{"frame":{"x":1547,"y":648,"w":64,"h":64},"rotated":false,"trimmed":false,"spriteSourceSize":{"x":0,"y":0,"w":64,"h":64},"sourceSize":{"w":64,"h":64},"pivot":{"x":0.5,"y":0.5}}},"meta":{"app":"http://github.com/odrick/free-tex-packer-core","version":"0.3.4","image":"chest@1x.png","format":"RGBA8888","size":{"w":1623,"h":2009},"scale":1}}