{"frames":{"chest/gold-glow":{"frame":{"x":2,"y":2,"w":776,"h":475},"rotated":false,"trimmed":false,"spriteSourceSize":{"x":0,"y":0,"w":776,"h":475},"sourceSize":{"w":776,"h":475},"pivot":{"x":0.5,"y":0.5}},"chest/star-blur":{"frame":{"x":2,"y":481,"w":649,"h":636},"rotated":false,"trimmed":false,"spriteSourceSize":{"x":0,"y":0,"w":649,"h":636},"sourceSize":{"w":649,"h":636},"pivot":{"x":0.5,"y":0.5}},"chest/front-chest":{"frame":{"x":782,"y":2,"w":541,"h":302},"rotated":false,"trimmed":false,"spriteSourceSize":{"x":0,"y":0,"w":541,"h":302},"sourceSize":{"w":541,"h":302},"pivot":{"x":0.5,"y":0.5}},"chest/golden-chest":{"frame":{"x":782,"y":308,"w":541,"h":311},"rotated":false,"trimmed":false,"spriteSourceSize":{"x":0,"y":0,"w":541,"h":311},"sourceSize":{"w":541,"h":311},"pivot":{"x":0.5,"y":0.5}},"chest/golden-lid":{"frame":{"x":655,"y":623,"w":516,"h":238},"rotated":false,"trimmed":false,"spriteSourceSize":{"x":0,"y":0,"w":516,"h":238},"sourceSize":{"w":516,"h":238},"pivot":{"x":0.5,"y":0.5}},"chest/golden-lid-close":{"frame":{"x":655,"y":865,"w":494,"h":225},"rotated":false,"trimmed":false,"spriteSourceSize":{"x":0,"y":0,"w":494,"h":225},"sourceSize":{"w":494,"h":225},"pivot":{"x":0.5,"y":0.5}},"config/play":{"frame":{"x":2,"y":1121,"w":480,"h":480},"rotated":false,"trimmed":false,"spriteSourceSize":{"x":0,"y":0,"w":480,"h":480},"sourceSize":{"w":480,"h":480},"pivot":{"x":0.5,"y":0.5}},"chest/new-coins":{"frame":{"x":655,"y":1094,"w":368,"h":134},"rotated":false,"trimmed":false,"spriteSourceSize":{"x":0,"y":0,"w":368,"h":134},"sourceSize":{"w":368,"h":134},"pivot":{"x":0.5,"y":0.5}},"coin":{"frame":{"x":1027,"y":1094,"w":256,"h":256},"rotated":false,"trimmed":false,"spriteSourceSize":{"x":0,"y":0,"w":256,"h":256},"sourceSize":{"w":256,"h":256},"pivot":{"x":0.5,"y":0.5}},"config/adjust-bet":{"frame":{"x":486,"y":1354,"w":240,"h":240},"rotated":false,"trimmed":false,"spriteSourceSize":{"x":0,"y":0,"w":240,"h":240},"sourceSize":{"w":240,"h":240},"pivot":{"x":0.5,"y":0.5}},"config/autoplay":{"frame":{"x":730,"y":1354,"w":240,"h":240},"rotated":false,"trimmed":false,"spriteSourceSize":{"x":0,"y":0,"w":240,"h":240},"sourceSize":{"w":240,"h":240},"pivot":{"x":0.5,"y":0.5}},"config/close-button":{"frame":{"x":974,"y":1354,"w":240,"h":240},"rotated":false,"trimmed":false,"spriteSourceSize":{"x":0,"y":0,"w":240,"h":240},"sourceSize":{"w":240,"h":240},"pivot":{"x":0.5,"y":0.5}},"config/home":{"frame":{"x":1327,"y":2,"w":240,"h":240},"rotated":false,"trimmed":false,"spriteSourceSize":{"x":0,"y":0,"w":240,"h":240},"sourceSize":{"w":240,"h":240},"pivot":{"x":0.5,"y":0.5}},"config/music-off":{"frame":{"x":1327,"y":246,"w":240,"h":240},"rotated":false,"trimmed":false,"spriteSourceSize":{"x":0,"y":0,"w":240,"h":240},"sourceSize":{"w":240,"h":240},"pivot":{"x":0.5,"y":0.5}},"config/music-on":{"frame":{"x":1327,"y":490,"w":240,"h":240},"rotated":false,"trimmed":false,"spriteSourceSize":{"x":0,"y":0,"w":240,"h":240},"sourceSize":{"w":240,"h":240},"pivot":{"x":0.5,"y":0.5}},"config/sound-off":{"frame":{"x":1218,"y":1354,"w":240,"h":240},"rotated":false,"trimmed":false,"spriteSourceSize":{"x":0,"y":0,"w":240,"h":240},"sourceSize":{"w":240,"h":240},"pivot":{"x":0.5,"y":0.5}},"config/sound-on":{"frame":{"x":1287,"y":734,"w":240,"h":240},"rotated":false,"trimmed":false,"spriteSourceSize":{"x":0,"y":0,"w":240,"h":240},"sourceSize":{"w":240,"h":240},"pivot":{"x":0.5,"y":0.5}},"config/tutorial":{"frame":{"x":1287,"y":978,"w":240,"h":240},"rotated":false,"trimmed":false,"spriteSourceSize":{"x":0,"y":0,"w":240,"h":240},"sourceSize":{"w":240,"h":240},"pivot":{"x":0.5,"y":0.5}},"config/diamond":{"frame":{"x":1571,"y":2,"w":216,"h":216},"rotated":false,"trimmed":false,"spriteSourceSize":{"x":0,"y":0,"w":216,"h":216},"sourceSize":{"w":216,"h":216},"pivot":{"x":0.5,"y":0.5}},"input/backAnalog":{"frame":{"x":1571,"y":222,"w":200,"h":200},"rotated":false,"trimmed":false,"spriteSourceSize":{"x":0,"y":0,"w":200,"h":200},"sourceSize":{"w":200,"h":200},"pivot":{"x":0.5,"y":0.5}},"chest/smoke1":{"frame":{"x":1287,"y":1222,"w":128,"h":128},"rotated":false,"trimmed":false,"spriteSourceSize":{"x":0,"y":0,"w":128,"h":128},"sourceSize":{"w":128,"h":128},"pivot":{"x":0.5,"y":0.5}},"config/loader":{"frame":{"x":655,"y":481,"w":120,"h":120},"rotated":false,"trimmed":false,"spriteSourceSize":{"x":0,"y":0,"w":120,"h":120},"sourceSize":{"w":120,"h":120},"pivot":{"x":0.5,"y":0.5}},"config/grey-diamond":{"frame":{"x":486,"y":1232,"w":117,"h":118},"rotated":false,"trimmed":false,"spriteSourceSize":{"x":0,"y":0,"w":117,"h":118},"sourceSize":{"w":117,"h":118},"pivot":{"x":0.5,"y":0.5}},"chest/round-blur":{"frame":{"x":607,"y":1232,"w":115,"h":115},"rotated":false,"trimmed":false,"spriteSourceSize":{"x":0,"y":0,"w":115,"h":115},"sourceSize":{"w":115,"h":115},"pivot":{"x":0.5,"y":0.5}},"buttons/square_button_0001":{"frame":{"x":726,"y":1232,"w":88,"h":108},"rotated":false,"trimmed":false,"spriteSourceSize":{"x":0,"y":0,"w":88,"h":108},"sourceSize":{"w":88,"h":108},"pivot":{"x":0.5,"y":0.5}},"buttons/square_button_0002":{"frame":{"x":818,"y":1232,"w":88,"h":108},"rotated":false,"trimmed":false,"spriteSourceSize":{"x":0,"y":0,"w":88,"h":108},"sourceSize":{"w":88,"h":108},"pivot":{"x":0.5,"y":0.5}},"buttons/square_button_0003":{"frame":{"x":910,"y":1232,"w":88,"h":108},"rotated":false,"trimmed":false,"spriteSourceSize":{"x":0,"y":0,"w":88,"h":108},"sourceSize":{"w":88,"h":108},"pivot":{"x":0.5,"y":0.5}},"buttons/square_button_0004":{"frame":{"x":1175,"y":623,"w":88,"h":108},"rotated":false,"trimmed":false,"spriteSourceSize":{"x":0,"y":0,"w":88,"h":108},"sourceSize":{"w":88,"h":108},"pivot":{"x":0.5,"y":0.5}},"buttons/square_button_0005":{"frame":{"x":1419,"y":1222,"w":88,"h":108},"rotated":false,"trimmed":false,"spriteSourceSize":{"x":0,"y":0,"w":88,"h":108},"sourceSize":{"w":88,"h":108},"pivot":{"x":0.5,"y":0.5}},"buttons/square_button_0006":{"frame":{"x":1175,"y":735,"w":88,"h":108},"rotated":false,"trimmed":false,"spriteSourceSize":{"x":0,"y":0,"w":88,"h":108},"sourceSize":{"w":88,"h":108},"pivot":{"x":0.5,"y":0.5}},"buttons/square_button_0007":{"frame":{"x":1175,"y":847,"w":88,"h":108},"rotated":false,"trimmed":false,"spriteSourceSize":{"x":0,"y":0,"w":88,"h":108},"sourceSize":{"w":88,"h":108},"pivot":{"x":0.5,"y":0.5}},"buttons/square_button_0009":{"frame":{"x":1153,"y":959,"w":88,"h":108},"rotated":false,"trimmed":false,"spriteSourceSize":{"x":0,"y":0,"w":88,"h":108},"sourceSize":{"w":88,"h":108},"pivot":{"x":0.5,"y":0.5}},"buttons/square_button_0010":{"frame":{"x":1571,"y":426,"w":88,"h":108},"rotated":false,"trimmed":false,"spriteSourceSize":{"x":0,"y":0,"w":88,"h":108},"sourceSize":{"w":88,"h":108},"pivot":{"x":0.5,"y":0.5}},"buttons/square_button_0011":{"frame":{"x":1663,"y":426,"w":88,"h":108},"rotated":false,"trimmed":false,"spriteSourceSize":{"x":0,"y":0,"w":88,"h":108},"sourceSize":{"w":88,"h":108},"pivot":{"x":0.5,"y":0.5}},"config/confirmed":{"frame":{"x":1571,"y":538,"w":108,"h":108},"rotated":false,"trimmed":false,"spriteSourceSize":{"x":0,"y":0,"w":108,"h":108},"sourceSize":{"w":108,"h":108},"pivot":{"x":0.5,"y":0.5}},"config/exit":{"frame":{"x":1571,"y":650,"w":108,"h":108},"rotated":false,"trimmed":false,"spriteSourceSize":{"x":0,"y":0,"w":108,"h":108},"sourceSize":{"w":108,"h":108},"pivot":{"x":0.5,"y":0.5}},"config/info":{"frame":{"x":1531,"y":762,"w":108,"h":108},"rotated":false,"trimmed":false,"spriteSourceSize":{"x":0,"y":0,"w":108,"h":108},"sourceSize":{"w":108,"h":108},"pivot":{"x":0.5,"y":0.5}},"modal/modal_blur":{"frame":{"x":1683,"y":538,"w":102,"h":102},"rotated":false,"trimmed":false,"spriteSourceSize":{"x":0,"y":0,"w":102,"h":102},"sourceSize":{"w":102,"h":102},"pivot":{"x":0.5,"y":0.5}},"buttons/square_button_0008":{"frame":{"x":486,"y":1121,"w":80,"h":100},"rotated":false,"trimmed":false,"spriteSourceSize":{"x":0,"y":0,"w":80,"h":100},"sourceSize":{"w":80,"h":100},"pivot":{"x":0.5,"y":0.5}},"config/betting-background":{"frame":{"x":1683,"y":644,"w":100,"h":100},"rotated":false,"trimmed":false,"spriteSourceSize":{"x":0,"y":0,"w":100,"h":100},"sourceSize":{"w":100,"h":100},"pivot":{"x":0.5,"y":0.5}},"config/settings-background":{"frame":{"x":1683,"y":748,"w":100,"h":100},"rotated":false,"trimmed":false,"spriteSourceSize":{"x":0,"y":0,"w":100,"h":100},"sourceSize":{"w":100,"h":100},"pivot":{"x":0.5,"y":0.5}},"currency-rubysweeps-points":{"frame":{"x":1643,"y":852,"w":100,"h":100},"rotated":false,"trimmed":false,"spriteSourceSize":{"x":0,"y":0,"w":100,"h":100},"sourceSize":{"w":100,"h":100},"pivot":{"x":0.5,"y":0.5}},"currency-rubysweeps-sweep_tickets":{"frame":{"x":1531,"y":874,"w":100,"h":100},"rotated":false,"trimmed":false,"spriteSourceSize":{"x":0,"y":0,"w":100,"h":100},"sourceSize":{"w":100,"h":100},"pivot":{"x":0.5,"y":0.5}},"buttonsBevel/square_button_0001":{"frame":{"x":1635,"y":956,"w":88,"h":98},"rotated":false,"trimmed":false,"spriteSourceSize":{"x":0,"y":0,"w":88,"h":98},"sourceSize":{"w":88,"h":98},"pivot":{"x":0.5,"y":0.5}},"buttonsBevel/square_button_0002":{"frame":{"x":1531,"y":978,"w":88,"h":98},"rotated":false,"trimmed":false,"spriteSourceSize":{"x":0,"y":0,"w":88,"h":98},"sourceSize":{"w":88,"h":98},"pivot":{"x":0.5,"y":0.5}},"buttonsBevel/square_button_0003":{"frame":{"x":1623,"y":1058,"w":88,"h":98},"rotated":false,"trimmed":false,"spriteSourceSize":{"x":0,"y":0,"w":88,"h":98},"sourceSize":{"w":88,"h":98},"pivot":{"x":0.5,"y":0.5}},"buttonsBevel/square_button_0004":{"frame":{"x":1531,"y":1080,"w":88,"h":98},"rotated":false,"trimmed":false,"spriteSourceSize":{"x":0,"y":0,"w":88,"h":98},"sourceSize":{"w":88,"h":98},"pivot":{"x":0.5,"y":0.5}},"buttonsBevel/square_button_0005":{"frame":{"x":1623,"y":1160,"w":88,"h":98},"rotated":false,"trimmed":false,"spriteSourceSize":{"x":0,"y":0,"w":88,"h":98},"sourceSize":{"w":88,"h":98},"pivot":{"x":0.5,"y":0.5}},"buttonsBevel/square_button_0006":{"frame":{"x":1531,"y":1182,"w":88,"h":98},"rotated":false,"trimmed":false,"spriteSourceSize":{"x":0,"y":0,"w":88,"h":98},"sourceSize":{"w":88,"h":98},"pivot":{"x":0.5,"y":0.5}},"buttonsBevel/square_button_0007":{"frame":{"x":1623,"y":1262,"w":88,"h":98},"rotated":false,"trimmed":false,"spriteSourceSize":{"x":0,"y":0,"w":88,"h":98},"sourceSize":{"w":88,"h":98},"pivot":{"x":0.5,"y":0.5}},"buttonsBevel/square_button_0009":{"frame":{"x":1511,"y":1284,"w":88,"h":98},"rotated":false,"trimmed":false,"spriteSourceSize":{"x":0,"y":0,"w":88,"h":98},"sourceSize":{"w":88,"h":98},"pivot":{"x":0.5,"y":0.5}},"buttonsBevel/square_button_0010":{"frame":{"x":1603,"y":1364,"w":88,"h":98},"rotated":false,"trimmed":false,"spriteSourceSize":{"x":0,"y":0,"w":88,"h":98},"sourceSize":{"w":88,"h":98},"pivot":{"x":0.5,"y":0.5}},"buttonsBevel/square_button_0011":{"frame":{"x":1695,"y":1364,"w":88,"h":98},"rotated":false,"trimmed":false,"spriteSourceSize":{"x":0,"y":0,"w":88,"h":98},"sourceSize":{"w":88,"h":98},"pivot":{"x":0.5,"y":0.5}},"modal/modal_container0001":{"frame":{"x":1462,"y":1466,"w":94,"h":94},"rotated":false,"trimmed":false,"spriteSourceSize":{"x":0,"y":0,"w":94,"h":94},"sourceSize":{"w":94,"h":94},"pivot":{"x":0.5,"y":0.5}},"modal/modal_container0002":{"frame":{"x":1560,"y":1466,"w":94,"h":94},"rotated":false,"trimmed":false,"spriteSourceSize":{"x":0,"y":0,"w":94,"h":94},"sourceSize":{"w":94,"h":94},"pivot":{"x":0.5,"y":0.5}},"modal/modal_container0003":{"frame":{"x":1658,"y":1466,"w":94,"h":94},"rotated":false,"trimmed":false,"spriteSourceSize":{"x":0,"y":0,"w":94,"h":94},"sourceSize":{"w":94,"h":94},"pivot":{"x":0.5,"y":0.5}},"modal/modal_container0004":{"frame":{"x":2,"y":1605,"w":94,"h":94},"rotated":false,"trimmed":false,"spriteSourceSize":{"x":0,"y":0,"w":94,"h":94},"sourceSize":{"w":94,"h":94},"pivot":{"x":0.5,"y":0.5}},"modal/modal_container0005":{"frame":{"x":100,"y":1605,"w":94,"h":94},"rotated":false,"trimmed":false,"spriteSourceSize":{"x":0,"y":0,"w":94,"h":94},"sourceSize":{"w":94,"h":94},"pivot":{"x":0.5,"y":0.5}},"modal/modal_container0006":{"frame":{"x":198,"y":1605,"w":94,"h":94},"rotated":false,"trimmed":false,"spriteSourceSize":{"x":0,"y":0,"w":94,"h":94},"sourceSize":{"w":94,"h":94},"pivot":{"x":0.5,"y":0.5}},"modal/modal_container0007":{"frame":{"x":296,"y":1605,"w":94,"h":94},"rotated":false,"trimmed":false,"spriteSourceSize":{"x":0,"y":0,"w":94,"h":94},"sourceSize":{"w":94,"h":94},"pivot":{"x":0.5,"y":0.5}},"modal/modal_container0008":{"frame":{"x":394,"y":1605,"w":94,"h":94},"rotated":false,"trimmed":false,"spriteSourceSize":{"x":0,"y":0,"w":94,"h":94},"sourceSize":{"w":94,"h":94},"pivot":{"x":0.5,"y":0.5}},"modal/modal_container0009":{"frame":{"x":492,"y":1598,"w":94,"h":94},"rotated":false,"trimmed":false,"spriteSourceSize":{"x":0,"y":0,"w":94,"h":94},"sourceSize":{"w":94,"h":94},"pivot":{"x":0.5,"y":0.5}},"modal/modal_container0010":{"frame":{"x":590,"y":1598,"w":94,"h":94},"rotated":false,"trimmed":false,"spriteSourceSize":{"x":0,"y":0,"w":94,"h":94},"sourceSize":{"w":94,"h":94},"pivot":{"x":0.5,"y":0.5}},"config/swap":{"frame":{"x":688,"y":1598,"w":92,"h":92},"rotated":false,"trimmed":false,"spriteSourceSize":{"x":0,"y":0,"w":92,"h":92},"sourceSize":{"w":92,"h":92},"pivot":{"x":0.5,"y":0.5}},"emerald_small":{"frame":{"x":1715,"y":1058,"w":69,"h":92},"rotated":false,"trimmed":false,"spriteSourceSize":{"x":0,"y":0,"w":69,"h":92},"sourceSize":{"w":69,"h":92},"pivot":{"x":0.5,"y":0.5}},"buttonsBevel/square_button_0008":{"frame":{"x":570,"y":1121,"w":80,"h":80},"rotated":false,"trimmed":false,"spriteSourceSize":{"x":0,"y":0,"w":80,"h":80},"sourceSize":{"w":80,"h":80},"pivot":{"x":0.5,"y":0.5}},"input/stick":{"frame":{"x":1462,"y":1386,"w":76,"h":76},"rotated":false,"trimmed":false,"spriteSourceSize":{"x":0,"y":0,"w":76,"h":76},"sourceSize":{"w":76,"h":76},"pivot":{"x":0.5,"y":0.5}},"config/adjust-bet-sm":{"frame":{"x":1715,"y":1154,"w":70,"h":70},"rotated":false,"trimmed":false,"spriteSourceSize":{"x":0,"y":0,"w":70,"h":70},"sourceSize":{"w":70,"h":70},"pivot":{"x":0.5,"y":0.5}},"config/autoplay-sm":{"frame":{"x":1715,"y":1228,"w":70,"h":70},"rotated":false,"trimmed":false,"spriteSourceSize":{"x":0,"y":0,"w":70,"h":70},"sourceSize":{"w":70,"h":70},"pivot":{"x":0.5,"y":0.5}},"roundButtons/golden":{"frame":{"x":784,"y":1598,"w":70,"h":70},"rotated":false,"trimmed":false,"spriteSourceSize":{"x":0,"y":0,"w":70,"h":70},"sourceSize":{"w":70,"h":70},"pivot":{"x":0.5,"y":0.5}},"roundButtons/green":{"frame":{"x":858,"y":1598,"w":70,"h":70},"rotated":false,"trimmed":false,"spriteSourceSize":{"x":0,"y":0,"w":70,"h":70},"sourceSize":{"w":70,"h":70},"pivot":{"x":0.5,"y":0.5}},"config/plus":{"frame":{"x":932,"y":1598,"w":64,"h":64},"rotated":false,"trimmed":false,"spriteSourceSize":{"x":0,"y":0,"w":64,"h":64},"sourceSize":{"w":64,"h":64},"pivot":{"x":0.5,"y":0.5}},"config/swap-sm":{"frame":{"x":1000,"y":1598,"w":64,"h":64},"rotated":false,"trimmed":false,"spriteSourceSize":{"x":0,"y":0,"w":64,"h":64},"sourceSize":{"w":64,"h":64},"pivot":{"x":0.5,"y":0.5}},"coin_small":{"frame":{"x":1267,"y":623,"w":48,"h":48},"rotated":false,"trimmed":false,"spriteSourceSize":{"x":0,"y":0,"w":48,"h":48},"sourceSize":{"w":48,"h":48},"pivot":{"x":0.5,"y":0.5}},"buttons/square":{"frame":{"x":1755,"y":426,"w":32,"h":32},"rotated":false,"trimmed":false,"spriteSourceSize":{"x":0,"y":0,"w":32,"h":32},"sourceSize":{"w":32,"h":32},"pivot":{"x":0.5,"y":0.5}},"config/info-sm":{"frame":{"x":1755,"y":462,"w":32,"h":32},"rotated":false,"trimmed":false,"spriteSourceSize":{"x":0,"y":0,"w":32,"h":32},"sourceSize":{"w":32,"h":32},"pivot":{"x":0.5,"y":0.5}},"buttonsBevel/square":{"frame":{"x":1755,"y":426,"w":32,"h":32},"rotated":false,"trimmed":false,"spriteSourceSize":{"x":0,"y":0,"w":32,"h":32},"sourceSize":{"w":32,"h":32},"pivot":{"x":0.5,"y":0.5}}},"meta":{"app":"http://github.com/odrick/free-tex-packer-core","version":"0.3.4","image":"template@1x.png","format":"RGBA8888","size":{"w":1789,"h":1701},"scale":1}}