{"frames":{"chest/gold-glow":{"frame":{"x":1,"y":1,"w":388,"h":237.5},"rotated":false,"trimmed":false,"spriteSourceSize":{"x":0,"y":0,"w":388,"h":237.5},"sourceSize":{"w":388,"h":237.5},"pivot":{"x":0.5,"y":0.5}},"chest/star-blur":{"frame":{"x":1,"y":240.5,"w":324.5,"h":318},"rotated":false,"trimmed":false,"spriteSourceSize":{"x":0,"y":0,"w":324.5,"h":318},"sourceSize":{"w":324.5,"h":318},"pivot":{"x":0.5,"y":0.5}},"chest/front-chest":{"frame":{"x":391,"y":1,"w":270.5,"h":151},"rotated":false,"trimmed":false,"spriteSourceSize":{"x":0,"y":0,"w":270.5,"h":151},"sourceSize":{"w":270.5,"h":151},"pivot":{"x":0.5,"y":0.5}},"chest/golden-chest":{"frame":{"x":391,"y":154,"w":270.5,"h":155.5},"rotated":false,"trimmed":false,"spriteSourceSize":{"x":0,"y":0,"w":270.5,"h":155.5},"sourceSize":{"w":270.5,"h":155.5},"pivot":{"x":0.5,"y":0.5}},"chest/golden-lid":{"frame":{"x":327.5,"y":311.5,"w":258,"h":119},"rotated":false,"trimmed":false,"spriteSourceSize":{"x":0,"y":0,"w":258,"h":119},"sourceSize":{"w":258,"h":119},"pivot":{"x":0.5,"y":0.5}},"chest/golden-lid-close":{"frame":{"x":327.5,"y":432.5,"w":247,"h":112.5},"rotated":false,"trimmed":false,"spriteSourceSize":{"x":0,"y":0,"w":247,"h":112.5},"sourceSize":{"w":247,"h":112.5},"pivot":{"x":0.5,"y":0.5}},"config/play":{"frame":{"x":1,"y":560.5,"w":240,"h":240},"rotated":false,"trimmed":false,"spriteSourceSize":{"x":0,"y":0,"w":240,"h":240},"sourceSize":{"w":240,"h":240},"pivot":{"x":0.5,"y":0.5}},"chest/new-coins":{"frame":{"x":327.5,"y":547,"w":184,"h":67},"rotated":false,"trimmed":false,"spriteSourceSize":{"x":0,"y":0,"w":184,"h":67},"sourceSize":{"w":184,"h":67},"pivot":{"x":0.5,"y":0.5}},"coin":{"frame":{"x":513.5,"y":547,"w":128,"h":128},"rotated":false,"trimmed":false,"spriteSourceSize":{"x":0,"y":0,"w":128,"h":128},"sourceSize":{"w":128,"h":128},"pivot":{"x":0.5,"y":0.5}},"config/adjust-bet":{"frame":{"x":243,"y":677,"w":120,"h":120},"rotated":false,"trimmed":false,"spriteSourceSize":{"x":0,"y":0,"w":120,"h":120},"sourceSize":{"w":120,"h":120},"pivot":{"x":0.5,"y":0.5}},"config/autoplay":{"frame":{"x":365,"y":677,"w":120,"h":120},"rotated":false,"trimmed":false,"spriteSourceSize":{"x":0,"y":0,"w":120,"h":120},"sourceSize":{"w":120,"h":120},"pivot":{"x":0.5,"y":0.5}},"config/close-button":{"frame":{"x":487,"y":677,"w":120,"h":120},"rotated":false,"trimmed":false,"spriteSourceSize":{"x":0,"y":0,"w":120,"h":120},"sourceSize":{"w":120,"h":120},"pivot":{"x":0.5,"y":0.5}},"config/home":{"frame":{"x":663.5,"y":1,"w":120,"h":120},"rotated":false,"trimmed":false,"spriteSourceSize":{"x":0,"y":0,"w":120,"h":120},"sourceSize":{"w":120,"h":120},"pivot":{"x":0.5,"y":0.5}},"config/music-off":{"frame":{"x":663.5,"y":123,"w":120,"h":120},"rotated":false,"trimmed":false,"spriteSourceSize":{"x":0,"y":0,"w":120,"h":120},"sourceSize":{"w":120,"h":120},"pivot":{"x":0.5,"y":0.5}},"config/music-on":{"frame":{"x":663.5,"y":245,"w":120,"h":120},"rotated":false,"trimmed":false,"spriteSourceSize":{"x":0,"y":0,"w":120,"h":120},"sourceSize":{"w":120,"h":120},"pivot":{"x":0.5,"y":0.5}},"config/sound-off":{"frame":{"x":609,"y":677,"w":120,"h":120},"rotated":false,"trimmed":false,"spriteSourceSize":{"x":0,"y":0,"w":120,"h":120},"sourceSize":{"w":120,"h":120},"pivot":{"x":0.5,"y":0.5}},"config/sound-on":{"frame":{"x":643.5,"y":367,"w":120,"h":120},"rotated":false,"trimmed":false,"spriteSourceSize":{"x":0,"y":0,"w":120,"h":120},"sourceSize":{"w":120,"h":120},"pivot":{"x":0.5,"y":0.5}},"config/tutorial":{"frame":{"x":643.5,"y":489,"w":120,"h":120},"rotated":false,"trimmed":false,"spriteSourceSize":{"x":0,"y":0,"w":120,"h":120},"sourceSize":{"w":120,"h":120},"pivot":{"x":0.5,"y":0.5}},"config/diamond":{"frame":{"x":785.5,"y":1,"w":108,"h":108},"rotated":false,"trimmed":false,"spriteSourceSize":{"x":0,"y":0,"w":108,"h":108},"sourceSize":{"w":108,"h":108},"pivot":{"x":0.5,"y":0.5}},"input/backAnalog":{"frame":{"x":785.5,"y":111,"w":100,"h":100},"rotated":false,"trimmed":false,"spriteSourceSize":{"x":0,"y":0,"w":100,"h":100},"sourceSize":{"w":100,"h":100},"pivot":{"x":0.5,"y":0.5}},"chest/smoke1":{"frame":{"x":643.5,"y":611,"w":64,"h":64},"rotated":false,"trimmed":false,"spriteSourceSize":{"x":0,"y":0,"w":64,"h":64},"sourceSize":{"w":64,"h":64},"pivot":{"x":0.5,"y":0.5}},"config/loader":{"frame":{"x":327.5,"y":240.5,"w":60,"h":60},"rotated":false,"trimmed":false,"spriteSourceSize":{"x":0,"y":0,"w":60,"h":60},"sourceSize":{"w":60,"h":60},"pivot":{"x":0.5,"y":0.5}},"config/grey-diamond":{"frame":{"x":243,"y":616,"w":58.5,"h":59},"rotated":false,"trimmed":false,"spriteSourceSize":{"x":0,"y":0,"w":58.5,"h":59},"sourceSize":{"w":58.5,"h":59},"pivot":{"x":0.5,"y":0.5}},"chest/round-blur":{"frame":{"x":303.5,"y":616,"w":57.5,"h":57.5},"rotated":false,"trimmed":false,"spriteSourceSize":{"x":0,"y":0,"w":57.5,"h":57.5},"sourceSize":{"w":57.5,"h":57.5},"pivot":{"x":0.5,"y":0.5}},"buttons/square_button_0001":{"frame":{"x":363,"y":616,"w":44,"h":54},"rotated":false,"trimmed":false,"spriteSourceSize":{"x":0,"y":0,"w":44,"h":54},"sourceSize":{"w":44,"h":54},"pivot":{"x":0.5,"y":0.5}},"buttons/square_button_0002":{"frame":{"x":409,"y":616,"w":44,"h":54},"rotated":false,"trimmed":false,"spriteSourceSize":{"x":0,"y":0,"w":44,"h":54},"sourceSize":{"w":44,"h":54},"pivot":{"x":0.5,"y":0.5}},"buttons/square_button_0003":{"frame":{"x":455,"y":616,"w":44,"h":54},"rotated":false,"trimmed":false,"spriteSourceSize":{"x":0,"y":0,"w":44,"h":54},"sourceSize":{"w":44,"h":54},"pivot":{"x":0.5,"y":0.5}},"buttons/square_button_0004":{"frame":{"x":587.5,"y":311.5,"w":44,"h":54},"rotated":false,"trimmed":false,"spriteSourceSize":{"x":0,"y":0,"w":44,"h":54},"sourceSize":{"w":44,"h":54},"pivot":{"x":0.5,"y":0.5}},"buttons/square_button_0005":{"frame":{"x":709.5,"y":611,"w":44,"h":54},"rotated":false,"trimmed":false,"spriteSourceSize":{"x":0,"y":0,"w":44,"h":54},"sourceSize":{"w":44,"h":54},"pivot":{"x":0.5,"y":0.5}},"buttons/square_button_0006":{"frame":{"x":587.5,"y":367.5,"w":44,"h":54},"rotated":false,"trimmed":false,"spriteSourceSize":{"x":0,"y":0,"w":44,"h":54},"sourceSize":{"w":44,"h":54},"pivot":{"x":0.5,"y":0.5}},"buttons/square_button_0007":{"frame":{"x":587.5,"y":423.5,"w":44,"h":54},"rotated":false,"trimmed":false,"spriteSourceSize":{"x":0,"y":0,"w":44,"h":54},"sourceSize":{"w":44,"h":54},"pivot":{"x":0.5,"y":0.5}},"buttons/square_button_0009":{"frame":{"x":576.5,"y":479.5,"w":44,"h":54},"rotated":false,"trimmed":false,"spriteSourceSize":{"x":0,"y":0,"w":44,"h":54},"sourceSize":{"w":44,"h":54},"pivot":{"x":0.5,"y":0.5}},"buttons/square_button_0010":{"frame":{"x":785.5,"y":213,"w":44,"h":54},"rotated":false,"trimmed":false,"spriteSourceSize":{"x":0,"y":0,"w":44,"h":54},"sourceSize":{"w":44,"h":54},"pivot":{"x":0.5,"y":0.5}},"buttons/square_button_0011":{"frame":{"x":831.5,"y":213,"w":44,"h":54},"rotated":false,"trimmed":false,"spriteSourceSize":{"x":0,"y":0,"w":44,"h":54},"sourceSize":{"w":44,"h":54},"pivot":{"x":0.5,"y":0.5}},"config/confirmed":{"frame":{"x":785.5,"y":269,"w":54,"h":54},"rotated":false,"trimmed":false,"spriteSourceSize":{"x":0,"y":0,"w":54,"h":54},"sourceSize":{"w":54,"h":54},"pivot":{"x":0.5,"y":0.5}},"config/exit":{"frame":{"x":785.5,"y":325,"w":54,"h":54},"rotated":false,"trimmed":false,"spriteSourceSize":{"x":0,"y":0,"w":54,"h":54},"sourceSize":{"w":54,"h":54},"pivot":{"x":0.5,"y":0.5}},"config/info":{"frame":{"x":765.5,"y":381,"w":54,"h":54},"rotated":false,"trimmed":false,"spriteSourceSize":{"x":0,"y":0,"w":54,"h":54},"sourceSize":{"w":54,"h":54},"pivot":{"x":0.5,"y":0.5}},"modal/modal_blur":{"frame":{"x":841.5,"y":269,"w":51,"h":51},"rotated":false,"trimmed":false,"spriteSourceSize":{"x":0,"y":0,"w":51,"h":51},"sourceSize":{"w":51,"h":51},"pivot":{"x":0.5,"y":0.5}},"buttons/square_button_0008":{"frame":{"x":243,"y":560.5,"w":40,"h":50},"rotated":false,"trimmed":false,"spriteSourceSize":{"x":0,"y":0,"w":40,"h":50},"sourceSize":{"w":40,"h":50},"pivot":{"x":0.5,"y":0.5}},"config/betting-background":{"frame":{"x":841.5,"y":322,"w":50,"h":50},"rotated":false,"trimmed":false,"spriteSourceSize":{"x":0,"y":0,"w":50,"h":50},"sourceSize":{"w":50,"h":50},"pivot":{"x":0.5,"y":0.5}},"config/settings-background":{"frame":{"x":841.5,"y":374,"w":50,"h":50},"rotated":false,"trimmed":false,"spriteSourceSize":{"x":0,"y":0,"w":50,"h":50},"sourceSize":{"w":50,"h":50},"pivot":{"x":0.5,"y":0.5}},"currency-rubysweeps-points":{"frame":{"x":821.5,"y":426,"w":50,"h":50},"rotated":false,"trimmed":false,"spriteSourceSize":{"x":0,"y":0,"w":50,"h":50},"sourceSize":{"w":50,"h":50},"pivot":{"x":0.5,"y":0.5}},"currency-rubysweeps-sweep_tickets":{"frame":{"x":765.5,"y":437,"w":50,"h":50},"rotated":false,"trimmed":false,"spriteSourceSize":{"x":0,"y":0,"w":50,"h":50},"sourceSize":{"w":50,"h":50},"pivot":{"x":0.5,"y":0.5}},"buttonsBevel/square_button_0001":{"frame":{"x":817.5,"y":478,"w":44,"h":49},"rotated":false,"trimmed":false,"spriteSourceSize":{"x":0,"y":0,"w":44,"h":49},"sourceSize":{"w":44,"h":49},"pivot":{"x":0.5,"y":0.5}},"buttonsBevel/square_button_0002":{"frame":{"x":765.5,"y":489,"w":44,"h":49},"rotated":false,"trimmed":false,"spriteSourceSize":{"x":0,"y":0,"w":44,"h":49},"sourceSize":{"w":44,"h":49},"pivot":{"x":0.5,"y":0.5}},"buttonsBevel/square_button_0003":{"frame":{"x":811.5,"y":529,"w":44,"h":49},"rotated":false,"trimmed":false,"spriteSourceSize":{"x":0,"y":0,"w":44,"h":49},"sourceSize":{"w":44,"h":49},"pivot":{"x":0.5,"y":0.5}},"buttonsBevel/square_button_0004":{"frame":{"x":765.5,"y":540,"w":44,"h":49},"rotated":false,"trimmed":false,"spriteSourceSize":{"x":0,"y":0,"w":44,"h":49},"sourceSize":{"w":44,"h":49},"pivot":{"x":0.5,"y":0.5}},"buttonsBevel/square_button_0005":{"frame":{"x":811.5,"y":580,"w":44,"h":49},"rotated":false,"trimmed":false,"spriteSourceSize":{"x":0,"y":0,"w":44,"h":49},"sourceSize":{"w":44,"h":49},"pivot":{"x":0.5,"y":0.5}},"buttonsBevel/square_button_0006":{"frame":{"x":765.5,"y":591,"w":44,"h":49},"rotated":false,"trimmed":false,"spriteSourceSize":{"x":0,"y":0,"w":44,"h":49},"sourceSize":{"w":44,"h":49},"pivot":{"x":0.5,"y":0.5}},"buttonsBevel/square_button_0007":{"frame":{"x":811.5,"y":631,"w":44,"h":49},"rotated":false,"trimmed":false,"spriteSourceSize":{"x":0,"y":0,"w":44,"h":49},"sourceSize":{"w":44,"h":49},"pivot":{"x":0.5,"y":0.5}},"buttonsBevel/square_button_0009":{"frame":{"x":755.5,"y":642,"w":44,"h":49},"rotated":false,"trimmed":false,"spriteSourceSize":{"x":0,"y":0,"w":44,"h":49},"sourceSize":{"w":44,"h":49},"pivot":{"x":0.5,"y":0.5}},"buttonsBevel/square_button_0010":{"frame":{"x":801.5,"y":682,"w":44,"h":49},"rotated":false,"trimmed":false,"spriteSourceSize":{"x":0,"y":0,"w":44,"h":49},"sourceSize":{"w":44,"h":49},"pivot":{"x":0.5,"y":0.5}},"buttonsBevel/square_button_0011":{"frame":{"x":847.5,"y":682,"w":44,"h":49},"rotated":false,"trimmed":false,"spriteSourceSize":{"x":0,"y":0,"w":44,"h":49},"sourceSize":{"w":44,"h":49},"pivot":{"x":0.5,"y":0.5}},"modal/modal_container0001":{"frame":{"x":731,"y":733,"w":47,"h":47},"rotated":false,"trimmed":false,"spriteSourceSize":{"x":0,"y":0,"w":47,"h":47},"sourceSize":{"w":47,"h":47},"pivot":{"x":0.5,"y":0.5}},"modal/modal_container0002":{"frame":{"x":780,"y":733,"w":47,"h":47},"rotated":false,"trimmed":false,"spriteSourceSize":{"x":0,"y":0,"w":47,"h":47},"sourceSize":{"w":47,"h":47},"pivot":{"x":0.5,"y":0.5}},"modal/modal_container0003":{"frame":{"x":829,"y":733,"w":47,"h":47},"rotated":false,"trimmed":false,"spriteSourceSize":{"x":0,"y":0,"w":47,"h":47},"sourceSize":{"w":47,"h":47},"pivot":{"x":0.5,"y":0.5}},"modal/modal_container0004":{"frame":{"x":1,"y":802.5,"w":47,"h":47},"rotated":false,"trimmed":false,"spriteSourceSize":{"x":0,"y":0,"w":47,"h":47},"sourceSize":{"w":47,"h":47},"pivot":{"x":0.5,"y":0.5}},"modal/modal_container0005":{"frame":{"x":50,"y":802.5,"w":47,"h":47},"rotated":false,"trimmed":false,"spriteSourceSize":{"x":0,"y":0,"w":47,"h":47},"sourceSize":{"w":47,"h":47},"pivot":{"x":0.5,"y":0.5}},"modal/modal_container0006":{"frame":{"x":99,"y":802.5,"w":47,"h":47},"rotated":false,"trimmed":false,"spriteSourceSize":{"x":0,"y":0,"w":47,"h":47},"sourceSize":{"w":47,"h":47},"pivot":{"x":0.5,"y":0.5}},"modal/modal_container0007":{"frame":{"x":148,"y":802.5,"w":47,"h":47},"rotated":false,"trimmed":false,"spriteSourceSize":{"x":0,"y":0,"w":47,"h":47},"sourceSize":{"w":47,"h":47},"pivot":{"x":0.5,"y":0.5}},"modal/modal_container0008":{"frame":{"x":197,"y":802.5,"w":47,"h":47},"rotated":false,"trimmed":false,"spriteSourceSize":{"x":0,"y":0,"w":47,"h":47},"sourceSize":{"w":47,"h":47},"pivot":{"x":0.5,"y":0.5}},"modal/modal_container0009":{"frame":{"x":246,"y":799,"w":47,"h":47},"rotated":false,"trimmed":false,"spriteSourceSize":{"x":0,"y":0,"w":47,"h":47},"sourceSize":{"w":47,"h":47},"pivot":{"x":0.5,"y":0.5}},"modal/modal_container0010":{"frame":{"x":295,"y":799,"w":47,"h":47},"rotated":false,"trimmed":false,"spriteSourceSize":{"x":0,"y":0,"w":47,"h":47},"sourceSize":{"w":47,"h":47},"pivot":{"x":0.5,"y":0.5}},"config/swap":{"frame":{"x":344,"y":799,"w":46,"h":46},"rotated":false,"trimmed":false,"spriteSourceSize":{"x":0,"y":0,"w":46,"h":46},"sourceSize":{"w":46,"h":46},"pivot":{"x":0.5,"y":0.5}},"emerald_small":{"frame":{"x":857.5,"y":529,"w":34.5,"h":46},"rotated":false,"trimmed":false,"spriteSourceSize":{"x":0,"y":0,"w":34.5,"h":46},"sourceSize":{"w":34.5,"h":46},"pivot":{"x":0.5,"y":0.5}},"buttonsBevel/square_button_0008":{"frame":{"x":285,"y":560.5,"w":40,"h":40},"rotated":false,"trimmed":false,"spriteSourceSize":{"x":0,"y":0,"w":40,"h":40},"sourceSize":{"w":40,"h":40},"pivot":{"x":0.5,"y":0.5}},"input/stick":{"frame":{"x":731,"y":693,"w":38,"h":38},"rotated":false,"trimmed":false,"spriteSourceSize":{"x":0,"y":0,"w":38,"h":38},"sourceSize":{"w":38,"h":38},"pivot":{"x":0.5,"y":0.5}},"config/adjust-bet-sm":{"frame":{"x":857.5,"y":577,"w":35,"h":35},"rotated":false,"trimmed":false,"spriteSourceSize":{"x":0,"y":0,"w":35,"h":35},"sourceSize":{"w":35,"h":35},"pivot":{"x":0.5,"y":0.5}},"config/autoplay-sm":{"frame":{"x":857.5,"y":614,"w":35,"h":35},"rotated":false,"trimmed":false,"spriteSourceSize":{"x":0,"y":0,"w":35,"h":35},"sourceSize":{"w":35,"h":35},"pivot":{"x":0.5,"y":0.5}},"roundButtons/golden":{"frame":{"x":392,"y":799,"w":35,"h":35},"rotated":false,"trimmed":false,"spriteSourceSize":{"x":0,"y":0,"w":35,"h":35},"sourceSize":{"w":35,"h":35},"pivot":{"x":0.5,"y":0.5}},"roundButtons/green":{"frame":{"x":429,"y":799,"w":35,"h":35},"rotated":false,"trimmed":false,"spriteSourceSize":{"x":0,"y":0,"w":35,"h":35},"sourceSize":{"w":35,"h":35},"pivot":{"x":0.5,"y":0.5}},"config/plus":{"frame":{"x":466,"y":799,"w":32,"h":32},"rotated":false,"trimmed":false,"spriteSourceSize":{"x":0,"y":0,"w":32,"h":32},"sourceSize":{"w":32,"h":32},"pivot":{"x":0.5,"y":0.5}},"config/swap-sm":{"frame":{"x":500,"y":799,"w":32,"h":32},"rotated":false,"trimmed":false,"spriteSourceSize":{"x":0,"y":0,"w":32,"h":32},"sourceSize":{"w":32,"h":32},"pivot":{"x":0.5,"y":0.5}},"coin_small":{"frame":{"x":633.5,"y":311.5,"w":24,"h":24},"rotated":false,"trimmed":false,"spriteSourceSize":{"x":0,"y":0,"w":24,"h":24},"sourceSize":{"w":24,"h":24},"pivot":{"x":0.5,"y":0.5}},"buttons/square":{"frame":{"x":877.5,"y":213,"w":16,"h":16},"rotated":false,"trimmed":false,"spriteSourceSize":{"x":0,"y":0,"w":16,"h":16},"sourceSize":{"w":16,"h":16},"pivot":{"x":0.5,"y":0.5}},"config/info-sm":{"frame":{"x":877.5,"y":231,"w":16,"h":16},"rotated":false,"trimmed":false,"spriteSourceSize":{"x":0,"y":0,"w":16,"h":16},"sourceSize":{"w":16,"h":16},"pivot":{"x":0.5,"y":0.5}},"buttonsBevel/square":{"frame":{"x":877.5,"y":213,"w":16,"h":16},"rotated":false,"trimmed":false,"spriteSourceSize":{"x":0,"y":0,"w":16,"h":16},"sourceSize":{"w":16,"h":16},"pivot":{"x":0.5,"y":0.5}}},"meta":{"app":"http://github.com/odrick/free-tex-packer-core","version":"0.3.4","image":"template@0.5x.png","format":"RGBA8888","size":{"w":895,"h":851},"scale":0.5}}