{"frames":{"island_001":{"frame":{"x":2,"y":2,"w":512,"h":512},"rotated":false,"trimmed":false,"spriteSourceSize":{"x":0,"y":0,"w":512,"h":512},"sourceSize":{"w":512,"h":512},"pivot":{"x":0.5,"y":0.5}},"island_002":{"frame":{"x":518,"y":2,"w":512,"h":512},"rotated":false,"trimmed":false,"spriteSourceSize":{"x":0,"y":0,"w":512,"h":512},"sourceSize":{"w":512,"h":512},"pivot":{"x":0.5,"y":0.5}},"island_003":{"frame":{"x":2,"y":518,"w":512,"h":512},"rotated":false,"trimmed":false,"spriteSourceSize":{"x":0,"y":0,"w":512,"h":512},"sourceSize":{"w":512,"h":512},"pivot":{"x":0.5,"y":0.5}},"island_004":{"frame":{"x":518,"y":518,"w":512,"h":512},"rotated":false,"trimmed":false,"spriteSourceSize":{"x":0,"y":0,"w":512,"h":512},"sourceSize":{"w":512,"h":512},"pivot":{"x":0.5,"y":0.5}},"island_005":{"frame":{"x":1034,"y":2,"w":512,"h":512},"rotated":false,"trimmed":false,"spriteSourceSize":{"x":0,"y":0,"w":512,"h":512},"sourceSize":{"w":512,"h":512},"pivot":{"x":0.5,"y":0.5}},"island_006":{"frame":{"x":1034,"y":518,"w":512,"h":512},"rotated":false,"trimmed":false,"spriteSourceSize":{"x":0,"y":0,"w":512,"h":512},"sourceSize":{"w":512,"h":512},"pivot":{"x":0.5,"y":0.5}},"island_007":{"frame":{"x":2,"y":1034,"w":512,"h":512},"rotated":false,"trimmed":false,"spriteSourceSize":{"x":0,"y":0,"w":512,"h":512},"sourceSize":{"w":512,"h":512},"pivot":{"x":0.5,"y":0.5}},"island_008":{"frame":{"x":518,"y":1034,"w":512,"h":512},"rotated":false,"trimmed":false,"spriteSourceSize":{"x":0,"y":0,"w":512,"h":512},"sourceSize":{"w":512,"h":512},"pivot":{"x":0.5,"y":0.5}},"island_009":{"frame":{"x":1034,"y":1034,"w":512,"h":512},"rotated":false,"trimmed":false,"spriteSourceSize":{"x":0,"y":0,"w":512,"h":512},"sourceSize":{"w":512,"h":512},"pivot":{"x":0.5,"y":0.5}},"island_010":{"frame":{"x":1550,"y":2,"w":512,"h":512},"rotated":false,"trimmed":false,"spriteSourceSize":{"x":0,"y":0,"w":512,"h":512},"sourceSize":{"w":512,"h":512},"pivot":{"x":0.5,"y":0.5}},"island_011":{"frame":{"x":1550,"y":518,"w":512,"h":512},"rotated":false,"trimmed":false,"spriteSourceSize":{"x":0,"y":0,"w":512,"h":512},"sourceSize":{"w":512,"h":512},"pivot":{"x":0.5,"y":0.5}},"island_012":{"frame":{"x":1550,"y":1034,"w":512,"h":512},"rotated":false,"trimmed":false,"spriteSourceSize":{"x":0,"y":0,"w":512,"h":512},"sourceSize":{"w":512,"h":512},"pivot":{"x":0.5,"y":0.5}},"island_013":{"frame":{"x":2,"y":1550,"w":512,"h":512},"rotated":false,"trimmed":false,"spriteSourceSize":{"x":0,"y":0,"w":512,"h":512},"sourceSize":{"w":512,"h":512},"pivot":{"x":0.5,"y":0.5}},"island_014":{"frame":{"x":518,"y":1550,"w":512,"h":512},"rotated":false,"trimmed":false,"spriteSourceSize":{"x":0,"y":0,"w":512,"h":512},"sourceSize":{"w":512,"h":512},"pivot":{"x":0.5,"y":0.5}},"island_015":{"frame":{"x":1034,"y":1550,"w":512,"h":512},"rotated":false,"trimmed":false,"spriteSourceSize":{"x":0,"y":0,"w":512,"h":512},"sourceSize":{"w":512,"h":512},"pivot":{"x":0.5,"y":0.5}},"island_016":{"frame":{"x":1550,"y":1550,"w":512,"h":512},"rotated":false,"trimmed":false,"spriteSourceSize":{"x":0,"y":0,"w":512,"h":512},"sourceSize":{"w":512,"h":512},"pivot":{"x":0.5,"y":0.5}},"island_017":{"frame":{"x":2066,"y":2,"w":512,"h":512},"rotated":false,"trimmed":false,"spriteSourceSize":{"x":0,"y":0,"w":512,"h":512},"sourceSize":{"w":512,"h":512},"pivot":{"x":0.5,"y":0.5}},"island_018":{"frame":{"x":2066,"y":518,"w":512,"h":512},"rotated":false,"trimmed":false,"spriteSourceSize":{"x":0,"y":0,"w":512,"h":512},"sourceSize":{"w":512,"h":512},"pivot":{"x":0.5,"y":0.5}},"island_019":{"frame":{"x":2066,"y":1034,"w":512,"h":512},"rotated":false,"trimmed":false,"spriteSourceSize":{"x":0,"y":0,"w":512,"h":512},"sourceSize":{"w":512,"h":512},"pivot":{"x":0.5,"y":0.5}},"island_020":{"frame":{"x":2066,"y":1550,"w":512,"h":512},"rotated":false,"trimmed":false,"spriteSourceSize":{"x":0,"y":0,"w":512,"h":512},"sourceSize":{"w":512,"h":512},"pivot":{"x":0.5,"y":0.5}},"island_021":{"frame":{"x":2,"y":2066,"w":512,"h":512},"rotated":false,"trimmed":false,"spriteSourceSize":{"x":0,"y":0,"w":512,"h":512},"sourceSize":{"w":512,"h":512},"pivot":{"x":0.5,"y":0.5}},"island_022":{"frame":{"x":518,"y":2066,"w":512,"h":512},"rotated":false,"trimmed":false,"spriteSourceSize":{"x":0,"y":0,"w":512,"h":512},"sourceSize":{"w":512,"h":512},"pivot":{"x":0.5,"y":0.5}},"island_023":{"frame":{"x":1034,"y":2066,"w":512,"h":512},"rotated":false,"trimmed":false,"spriteSourceSize":{"x":0,"y":0,"w":512,"h":512},"sourceSize":{"w":512,"h":512},"pivot":{"x":0.5,"y":0.5}},"island_024":{"frame":{"x":1550,"y":2066,"w":512,"h":512},"rotated":false,"trimmed":false,"spriteSourceSize":{"x":0,"y":0,"w":512,"h":512},"sourceSize":{"w":512,"h":512},"pivot":{"x":0.5,"y":0.5}}},"meta":{"app":"http://github.com/odrick/free-tex-packer-core","version":"0.3.4","image":"Island@1x.png","format":"RGBA8888","size":{"w":2580,"h":2580},"scale":1}}