{"frames":{"island_001":{"frame":{"x":1,"y":1,"w":256,"h":256},"rotated":false,"trimmed":false,"spriteSourceSize":{"x":0,"y":0,"w":256,"h":256},"sourceSize":{"w":256,"h":256},"pivot":{"x":0.5,"y":0.5}},"island_002":{"frame":{"x":259,"y":1,"w":256,"h":256},"rotated":false,"trimmed":false,"spriteSourceSize":{"x":0,"y":0,"w":256,"h":256},"sourceSize":{"w":256,"h":256},"pivot":{"x":0.5,"y":0.5}},"island_003":{"frame":{"x":1,"y":259,"w":256,"h":256},"rotated":false,"trimmed":false,"spriteSourceSize":{"x":0,"y":0,"w":256,"h":256},"sourceSize":{"w":256,"h":256},"pivot":{"x":0.5,"y":0.5}},"island_004":{"frame":{"x":259,"y":259,"w":256,"h":256},"rotated":false,"trimmed":false,"spriteSourceSize":{"x":0,"y":0,"w":256,"h":256},"sourceSize":{"w":256,"h":256},"pivot":{"x":0.5,"y":0.5}},"island_005":{"frame":{"x":517,"y":1,"w":256,"h":256},"rotated":false,"trimmed":false,"spriteSourceSize":{"x":0,"y":0,"w":256,"h":256},"sourceSize":{"w":256,"h":256},"pivot":{"x":0.5,"y":0.5}},"island_006":{"frame":{"x":517,"y":259,"w":256,"h":256},"rotated":false,"trimmed":false,"spriteSourceSize":{"x":0,"y":0,"w":256,"h":256},"sourceSize":{"w":256,"h":256},"pivot":{"x":0.5,"y":0.5}},"island_007":{"frame":{"x":1,"y":517,"w":256,"h":256},"rotated":false,"trimmed":false,"spriteSourceSize":{"x":0,"y":0,"w":256,"h":256},"sourceSize":{"w":256,"h":256},"pivot":{"x":0.5,"y":0.5}},"island_008":{"frame":{"x":259,"y":517,"w":256,"h":256},"rotated":false,"trimmed":false,"spriteSourceSize":{"x":0,"y":0,"w":256,"h":256},"sourceSize":{"w":256,"h":256},"pivot":{"x":0.5,"y":0.5}},"island_009":{"frame":{"x":517,"y":517,"w":256,"h":256},"rotated":false,"trimmed":false,"spriteSourceSize":{"x":0,"y":0,"w":256,"h":256},"sourceSize":{"w":256,"h":256},"pivot":{"x":0.5,"y":0.5}},"island_010":{"frame":{"x":775,"y":1,"w":256,"h":256},"rotated":false,"trimmed":false,"spriteSourceSize":{"x":0,"y":0,"w":256,"h":256},"sourceSize":{"w":256,"h":256},"pivot":{"x":0.5,"y":0.5}},"island_011":{"frame":{"x":775,"y":259,"w":256,"h":256},"rotated":false,"trimmed":false,"spriteSourceSize":{"x":0,"y":0,"w":256,"h":256},"sourceSize":{"w":256,"h":256},"pivot":{"x":0.5,"y":0.5}},"island_012":{"frame":{"x":775,"y":517,"w":256,"h":256},"rotated":false,"trimmed":false,"spriteSourceSize":{"x":0,"y":0,"w":256,"h":256},"sourceSize":{"w":256,"h":256},"pivot":{"x":0.5,"y":0.5}},"island_013":{"frame":{"x":1,"y":775,"w":256,"h":256},"rotated":false,"trimmed":false,"spriteSourceSize":{"x":0,"y":0,"w":256,"h":256},"sourceSize":{"w":256,"h":256},"pivot":{"x":0.5,"y":0.5}},"island_014":{"frame":{"x":259,"y":775,"w":256,"h":256},"rotated":false,"trimmed":false,"spriteSourceSize":{"x":0,"y":0,"w":256,"h":256},"sourceSize":{"w":256,"h":256},"pivot":{"x":0.5,"y":0.5}},"island_015":{"frame":{"x":517,"y":775,"w":256,"h":256},"rotated":false,"trimmed":false,"spriteSourceSize":{"x":0,"y":0,"w":256,"h":256},"sourceSize":{"w":256,"h":256},"pivot":{"x":0.5,"y":0.5}},"island_016":{"frame":{"x":775,"y":775,"w":256,"h":256},"rotated":false,"trimmed":false,"spriteSourceSize":{"x":0,"y":0,"w":256,"h":256},"sourceSize":{"w":256,"h":256},"pivot":{"x":0.5,"y":0.5}},"island_017":{"frame":{"x":1033,"y":1,"w":256,"h":256},"rotated":false,"trimmed":false,"spriteSourceSize":{"x":0,"y":0,"w":256,"h":256},"sourceSize":{"w":256,"h":256},"pivot":{"x":0.5,"y":0.5}},"island_018":{"frame":{"x":1033,"y":259,"w":256,"h":256},"rotated":false,"trimmed":false,"spriteSourceSize":{"x":0,"y":0,"w":256,"h":256},"sourceSize":{"w":256,"h":256},"pivot":{"x":0.5,"y":0.5}},"island_019":{"frame":{"x":1033,"y":517,"w":256,"h":256},"rotated":false,"trimmed":false,"spriteSourceSize":{"x":0,"y":0,"w":256,"h":256},"sourceSize":{"w":256,"h":256},"pivot":{"x":0.5,"y":0.5}},"island_020":{"frame":{"x":1033,"y":775,"w":256,"h":256},"rotated":false,"trimmed":false,"spriteSourceSize":{"x":0,"y":0,"w":256,"h":256},"sourceSize":{"w":256,"h":256},"pivot":{"x":0.5,"y":0.5}},"island_021":{"frame":{"x":1,"y":1033,"w":256,"h":256},"rotated":false,"trimmed":false,"spriteSourceSize":{"x":0,"y":0,"w":256,"h":256},"sourceSize":{"w":256,"h":256},"pivot":{"x":0.5,"y":0.5}},"island_022":{"frame":{"x":259,"y":1033,"w":256,"h":256},"rotated":false,"trimmed":false,"spriteSourceSize":{"x":0,"y":0,"w":256,"h":256},"sourceSize":{"w":256,"h":256},"pivot":{"x":0.5,"y":0.5}},"island_023":{"frame":{"x":517,"y":1033,"w":256,"h":256},"rotated":false,"trimmed":false,"spriteSourceSize":{"x":0,"y":0,"w":256,"h":256},"sourceSize":{"w":256,"h":256},"pivot":{"x":0.5,"y":0.5}},"island_024":{"frame":{"x":775,"y":1033,"w":256,"h":256},"rotated":false,"trimmed":false,"spriteSourceSize":{"x":0,"y":0,"w":256,"h":256},"sourceSize":{"w":256,"h":256},"pivot":{"x":0.5,"y":0.5}}},"meta":{"app":"http://github.com/odrick/free-tex-packer-core","version":"0.3.4","image":"Island@0.5x.png","format":"RGBA8888","size":{"w":1290,"h":1290},"scale":0.5}}