{"frames":{"wind_pu_000":{"frame":{"x":2,"y":2,"w":256,"h":256},"rotated":false,"trimmed":false,"spriteSourceSize":{"x":0,"y":0,"w":256,"h":256},"sourceSize":{"w":256,"h":256},"pivot":{"x":0.5,"y":0.5}},"wind_pu_001":{"frame":{"x":262,"y":2,"w":256,"h":256},"rotated":false,"trimmed":false,"spriteSourceSize":{"x":0,"y":0,"w":256,"h":256},"sourceSize":{"w":256,"h":256},"pivot":{"x":0.5,"y":0.5}},"wind_pu_002":{"frame":{"x":2,"y":262,"w":256,"h":256},"rotated":false,"trimmed":false,"spriteSourceSize":{"x":0,"y":0,"w":256,"h":256},"sourceSize":{"w":256,"h":256},"pivot":{"x":0.5,"y":0.5}},"wind_pu_003":{"frame":{"x":262,"y":262,"w":256,"h":256},"rotated":false,"trimmed":false,"spriteSourceSize":{"x":0,"y":0,"w":256,"h":256},"sourceSize":{"w":256,"h":256},"pivot":{"x":0.5,"y":0.5}},"wind_pu_004":{"frame":{"x":522,"y":2,"w":256,"h":256},"rotated":false,"trimmed":false,"spriteSourceSize":{"x":0,"y":0,"w":256,"h":256},"sourceSize":{"w":256,"h":256},"pivot":{"x":0.5,"y":0.5}},"wind_pu_005":{"frame":{"x":522,"y":262,"w":256,"h":256},"rotated":false,"trimmed":false,"spriteSourceSize":{"x":0,"y":0,"w":256,"h":256},"sourceSize":{"w":256,"h":256},"pivot":{"x":0.5,"y":0.5}},"wind_pu_006":{"frame":{"x":2,"y":522,"w":256,"h":256},"rotated":false,"trimmed":false,"spriteSourceSize":{"x":0,"y":0,"w":256,"h":256},"sourceSize":{"w":256,"h":256},"pivot":{"x":0.5,"y":0.5}},"wind_pu_007":{"frame":{"x":262,"y":522,"w":256,"h":256},"rotated":false,"trimmed":false,"spriteSourceSize":{"x":0,"y":0,"w":256,"h":256},"sourceSize":{"w":256,"h":256},"pivot":{"x":0.5,"y":0.5}},"wind_pu_008":{"frame":{"x":522,"y":522,"w":256,"h":256},"rotated":false,"trimmed":false,"spriteSourceSize":{"x":0,"y":0,"w":256,"h":256},"sourceSize":{"w":256,"h":256},"pivot":{"x":0.5,"y":0.5}}},"meta":{"app":"http://github.com/odrick/free-tex-packer-core","version":"0.3.4","image":"wind@1x.png","format":"RGBA8888","size":{"w":780,"h":780},"scale":1}}