{"frames":{"mask_dude/double_jump/double_jump_tile_0_0":{"frame":{"x":2,"y":2,"w":32,"h":32},"rotated":false,"trimmed":false,"spriteSourceSize":{"x":0,"y":0,"w":32,"h":32},"sourceSize":{"w":32,"h":32},"pivot":{"x":0.5,"y":0.5}},"mask_dude/double_jump/double_jump_tile_0_2":{"frame":{"x":38,"y":2,"w":32,"h":32},"rotated":false,"trimmed":false,"spriteSourceSize":{"x":0,"y":0,"w":32,"h":32},"sourceSize":{"w":32,"h":32},"pivot":{"x":0.5,"y":0.5}},"mask_dude/double_jump/double_jump_tile_0_4":{"frame":{"x":2,"y":38,"w":32,"h":32},"rotated":false,"trimmed":false,"spriteSourceSize":{"x":0,"y":0,"w":32,"h":32},"sourceSize":{"w":32,"h":32},"pivot":{"x":0.5,"y":0.5}},"mask_dude/fall/fall_tile_0_0":{"frame":{"x":38,"y":38,"w":32,"h":32},"rotated":false,"trimmed":false,"spriteSourceSize":{"x":0,"y":0,"w":32,"h":32},"sourceSize":{"w":32,"h":32},"pivot":{"x":0.5,"y":0.5}},"mask_dude/hit/hit_tile_0_0":{"frame":{"x":74,"y":2,"w":32,"h":32},"rotated":false,"trimmed":false,"spriteSourceSize":{"x":0,"y":0,"w":32,"h":32},"sourceSize":{"w":32,"h":32},"pivot":{"x":0.5,"y":0.5}},"mask_dude/hit/hit_tile_0_2":{"frame":{"x":74,"y":38,"w":32,"h":32},"rotated":false,"trimmed":false,"spriteSourceSize":{"x":0,"y":0,"w":32,"h":32},"sourceSize":{"w":32,"h":32},"pivot":{"x":0.5,"y":0.5}},"mask_dude/hit/hit_tile_0_3":{"frame":{"x":2,"y":74,"w":32,"h":32},"rotated":false,"trimmed":false,"spriteSourceSize":{"x":0,"y":0,"w":32,"h":32},"sourceSize":{"w":32,"h":32},"pivot":{"x":0.5,"y":0.5}},"mask_dude/hit/hit_tile_0_4":{"frame":{"x":38,"y":74,"w":32,"h":32},"rotated":false,"trimmed":false,"spriteSourceSize":{"x":0,"y":0,"w":32,"h":32},"sourceSize":{"w":32,"h":32},"pivot":{"x":0.5,"y":0.5}},"mask_dude/hit/hit_tile_0_6":{"frame":{"x":74,"y":74,"w":32,"h":32},"rotated":false,"trimmed":false,"spriteSourceSize":{"x":0,"y":0,"w":32,"h":32},"sourceSize":{"w":32,"h":32},"pivot":{"x":0.5,"y":0.5}},"mask_dude/idle/idle_tile_0_0":{"frame":{"x":110,"y":2,"w":32,"h":32},"rotated":false,"trimmed":false,"spriteSourceSize":{"x":0,"y":0,"w":32,"h":32},"sourceSize":{"w":32,"h":32},"pivot":{"x":0.5,"y":0.5}},"mask_dude/idle/idle_tile_0_1":{"frame":{"x":110,"y":38,"w":32,"h":32},"rotated":false,"trimmed":false,"spriteSourceSize":{"x":0,"y":0,"w":32,"h":32},"sourceSize":{"w":32,"h":32},"pivot":{"x":0.5,"y":0.5}},"mask_dude/idle/idle_tile_0_10":{"frame":{"x":110,"y":74,"w":32,"h":32},"rotated":false,"trimmed":false,"spriteSourceSize":{"x":0,"y":0,"w":32,"h":32},"sourceSize":{"w":32,"h":32},"pivot":{"x":0.5,"y":0.5}},"mask_dude/idle/idle_tile_0_3":{"frame":{"x":2,"y":110,"w":32,"h":32},"rotated":false,"trimmed":false,"spriteSourceSize":{"x":0,"y":0,"w":32,"h":32},"sourceSize":{"w":32,"h":32},"pivot":{"x":0.5,"y":0.5}},"mask_dude/idle/idle_tile_0_5":{"frame":{"x":38,"y":110,"w":32,"h":32},"rotated":false,"trimmed":false,"spriteSourceSize":{"x":0,"y":0,"w":32,"h":32},"sourceSize":{"w":32,"h":32},"pivot":{"x":0.5,"y":0.5}},"mask_dude/jump/jump_tile_0_0":{"frame":{"x":74,"y":110,"w":32,"h":32},"rotated":false,"trimmed":false,"spriteSourceSize":{"x":0,"y":0,"w":32,"h":32},"sourceSize":{"w":32,"h":32},"pivot":{"x":0.5,"y":0.5}},"mask_dude/run/run_tile_0_0":{"frame":{"x":110,"y":110,"w":32,"h":32},"rotated":false,"trimmed":false,"spriteSourceSize":{"x":0,"y":0,"w":32,"h":32},"sourceSize":{"w":32,"h":32},"pivot":{"x":0.5,"y":0.5}},"mask_dude/run/run_tile_0_1":{"frame":{"x":146,"y":2,"w":32,"h":32},"rotated":false,"trimmed":false,"spriteSourceSize":{"x":0,"y":0,"w":32,"h":32},"sourceSize":{"w":32,"h":32},"pivot":{"x":0.5,"y":0.5}},"mask_dude/run/run_tile_0_10":{"frame":{"x":146,"y":38,"w":32,"h":32},"rotated":false,"trimmed":false,"spriteSourceSize":{"x":0,"y":0,"w":32,"h":32},"sourceSize":{"w":32,"h":32},"pivot":{"x":0.5,"y":0.5}},"mask_dude/run/run_tile_0_3":{"frame":{"x":146,"y":74,"w":32,"h":32},"rotated":false,"trimmed":false,"spriteSourceSize":{"x":0,"y":0,"w":32,"h":32},"sourceSize":{"w":32,"h":32},"pivot":{"x":0.5,"y":0.5}},"mask_dude/run/run_tile_0_4":{"frame":{"x":146,"y":110,"w":32,"h":32},"rotated":false,"trimmed":false,"spriteSourceSize":{"x":0,"y":0,"w":32,"h":32},"sourceSize":{"w":32,"h":32},"pivot":{"x":0.5,"y":0.5}},"mask_dude/run/run_tile_0_6":{"frame":{"x":2,"y":146,"w":32,"h":32},"rotated":false,"trimmed":false,"spriteSourceSize":{"x":0,"y":0,"w":32,"h":32},"sourceSize":{"w":32,"h":32},"pivot":{"x":0.5,"y":0.5}},"mask_dude/run/run_tile_0_7":{"frame":{"x":38,"y":146,"w":32,"h":32},"rotated":false,"trimmed":false,"spriteSourceSize":{"x":0,"y":0,"w":32,"h":32},"sourceSize":{"w":32,"h":32},"pivot":{"x":0.5,"y":0.5}},"mask_dude/run/run_tile_0_9":{"frame":{"x":74,"y":146,"w":32,"h":32},"rotated":false,"trimmed":false,"spriteSourceSize":{"x":0,"y":0,"w":32,"h":32},"sourceSize":{"w":32,"h":32},"pivot":{"x":0.5,"y":0.5}},"mask_dude/wall_jump/wall_jump_tile_0_0":{"frame":{"x":110,"y":146,"w":32,"h":32},"rotated":false,"trimmed":false,"spriteSourceSize":{"x":0,"y":0,"w":32,"h":32},"sourceSize":{"w":32,"h":32},"pivot":{"x":0.5,"y":0.5}},"mask_dude/wall_jump/wall_jump_tile_0_2":{"frame":{"x":146,"y":146,"w":32,"h":32},"rotated":false,"trimmed":false,"spriteSourceSize":{"x":0,"y":0,"w":32,"h":32},"sourceSize":{"w":32,"h":32},"pivot":{"x":0.5,"y":0.5}},"mask_dude/double_jump/double_jump_tile_0_1":{"frame":{"x":2,"y":2,"w":32,"h":32},"rotated":false,"trimmed":false,"spriteSourceSize":{"x":0,"y":0,"w":32,"h":32},"sourceSize":{"w":32,"h":32},"pivot":{"x":0.5,"y":0.5}},"mask_dude/double_jump/double_jump_tile_0_3":{"frame":{"x":38,"y":2,"w":32,"h":32},"rotated":false,"trimmed":false,"spriteSourceSize":{"x":0,"y":0,"w":32,"h":32},"sourceSize":{"w":32,"h":32},"pivot":{"x":0.5,"y":0.5}},"mask_dude/double_jump/double_jump_tile_0_5":{"frame":{"x":2,"y":38,"w":32,"h":32},"rotated":false,"trimmed":false,"spriteSourceSize":{"x":0,"y":0,"w":32,"h":32},"sourceSize":{"w":32,"h":32},"pivot":{"x":0.5,"y":0.5}},"mask_dude/hit/hit_tile_0_1":{"frame":{"x":74,"y":2,"w":32,"h":32},"rotated":false,"trimmed":false,"spriteSourceSize":{"x":0,"y":0,"w":32,"h":32},"sourceSize":{"w":32,"h":32},"pivot":{"x":0.5,"y":0.5}},"mask_dude/hit/hit_tile_0_5":{"frame":{"x":2,"y":74,"w":32,"h":32},"rotated":false,"trimmed":false,"spriteSourceSize":{"x":0,"y":0,"w":32,"h":32},"sourceSize":{"w":32,"h":32},"pivot":{"x":0.5,"y":0.5}},"mask_dude/idle/idle_tile_0_2":{"frame":{"x":110,"y":38,"w":32,"h":32},"rotated":false,"trimmed":false,"spriteSourceSize":{"x":0,"y":0,"w":32,"h":32},"sourceSize":{"w":32,"h":32},"pivot":{"x":0.5,"y":0.5}},"mask_dude/idle/idle_tile_0_9":{"frame":{"x":110,"y":74,"w":32,"h":32},"rotated":false,"trimmed":false,"spriteSourceSize":{"x":0,"y":0,"w":32,"h":32},"sourceSize":{"w":32,"h":32},"pivot":{"x":0.5,"y":0.5}},"mask_dude/idle/idle_tile_0_4":{"frame":{"x":2,"y":110,"w":32,"h":32},"rotated":false,"trimmed":false,"spriteSourceSize":{"x":0,"y":0,"w":32,"h":32},"sourceSize":{"w":32,"h":32},"pivot":{"x":0.5,"y":0.5}},"mask_dude/idle/idle_tile_0_6":{"frame":{"x":38,"y":110,"w":32,"h":32},"rotated":false,"trimmed":false,"spriteSourceSize":{"x":0,"y":0,"w":32,"h":32},"sourceSize":{"w":32,"h":32},"pivot":{"x":0.5,"y":0.5}},"mask_dude/idle/idle_tile_0_7":{"frame":{"x":38,"y":110,"w":32,"h":32},"rotated":false,"trimmed":false,"spriteSourceSize":{"x":0,"y":0,"w":32,"h":32},"sourceSize":{"w":32,"h":32},"pivot":{"x":0.5,"y":0.5}},"mask_dude/idle/idle_tile_0_8":{"frame":{"x":38,"y":110,"w":32,"h":32},"rotated":false,"trimmed":false,"spriteSourceSize":{"x":0,"y":0,"w":32,"h":32},"sourceSize":{"w":32,"h":32},"pivot":{"x":0.5,"y":0.5}},"mask_dude/run/run_tile_0_2":{"frame":{"x":146,"y":2,"w":32,"h":32},"rotated":false,"trimmed":false,"spriteSourceSize":{"x":0,"y":0,"w":32,"h":32},"sourceSize":{"w":32,"h":32},"pivot":{"x":0.5,"y":0.5}},"mask_dude/run/run_tile_0_11":{"frame":{"x":146,"y":38,"w":32,"h":32},"rotated":false,"trimmed":false,"spriteSourceSize":{"x":0,"y":0,"w":32,"h":32},"sourceSize":{"w":32,"h":32},"pivot":{"x":0.5,"y":0.5}},"mask_dude/run/run_tile_0_5":{"frame":{"x":146,"y":110,"w":32,"h":32},"rotated":false,"trimmed":false,"spriteSourceSize":{"x":0,"y":0,"w":32,"h":32},"sourceSize":{"w":32,"h":32},"pivot":{"x":0.5,"y":0.5}},"mask_dude/run/run_tile_0_8":{"frame":{"x":38,"y":146,"w":32,"h":32},"rotated":false,"trimmed":false,"spriteSourceSize":{"x":0,"y":0,"w":32,"h":32},"sourceSize":{"w":32,"h":32},"pivot":{"x":0.5,"y":0.5}},"mask_dude/wall_jump/wall_jump_tile_0_1":{"frame":{"x":110,"y":146,"w":32,"h":32},"rotated":false,"trimmed":false,"spriteSourceSize":{"x":0,"y":0,"w":32,"h":32},"sourceSize":{"w":32,"h":32},"pivot":{"x":0.5,"y":0.5}},"mask_dude/wall_jump/wall_jump_tile_0_3":{"frame":{"x":146,"y":146,"w":32,"h":32},"rotated":false,"trimmed":false,"spriteSourceSize":{"x":0,"y":0,"w":32,"h":32},"sourceSize":{"w":32,"h":32},"pivot":{"x":0.5,"y":0.5}},"mask_dude/wall_jump/wall_jump_tile_0_4":{"frame":{"x":146,"y":146,"w":32,"h":32},"rotated":false,"trimmed":false,"spriteSourceSize":{"x":0,"y":0,"w":32,"h":32},"sourceSize":{"w":32,"h":32},"pivot":{"x":0.5,"y":0.5}}},"meta":{"app":"http://github.com/odrick/free-tex-packer-core","version":"0.3.4","image":"characters@1x.png","format":"RGBA8888","size":{"w":180,"h":180},"scale":1}}