{"frames":{"mask_dude/double_jump/double_jump_tile_0_0":{"frame":{"x":1,"y":1,"w":16,"h":16},"rotated":false,"trimmed":false,"spriteSourceSize":{"x":0,"y":0,"w":16,"h":16},"sourceSize":{"w":16,"h":16},"pivot":{"x":0.5,"y":0.5}},"mask_dude/double_jump/double_jump_tile_0_2":{"frame":{"x":19,"y":1,"w":16,"h":16},"rotated":false,"trimmed":false,"spriteSourceSize":{"x":0,"y":0,"w":16,"h":16},"sourceSize":{"w":16,"h":16},"pivot":{"x":0.5,"y":0.5}},"mask_dude/double_jump/double_jump_tile_0_4":{"frame":{"x":1,"y":19,"w":16,"h":16},"rotated":false,"trimmed":false,"spriteSourceSize":{"x":0,"y":0,"w":16,"h":16},"sourceSize":{"w":16,"h":16},"pivot":{"x":0.5,"y":0.5}},"mask_dude/fall/fall_tile_0_0":{"frame":{"x":19,"y":19,"w":16,"h":16},"rotated":false,"trimmed":false,"spriteSourceSize":{"x":0,"y":0,"w":16,"h":16},"sourceSize":{"w":16,"h":16},"pivot":{"x":0.5,"y":0.5}},"mask_dude/hit/hit_tile_0_0":{"frame":{"x":37,"y":1,"w":16,"h":16},"rotated":false,"trimmed":false,"spriteSourceSize":{"x":0,"y":0,"w":16,"h":16},"sourceSize":{"w":16,"h":16},"pivot":{"x":0.5,"y":0.5}},"mask_dude/hit/hit_tile_0_2":{"frame":{"x":37,"y":19,"w":16,"h":16},"rotated":false,"trimmed":false,"spriteSourceSize":{"x":0,"y":0,"w":16,"h":16},"sourceSize":{"w":16,"h":16},"pivot":{"x":0.5,"y":0.5}},"mask_dude/hit/hit_tile_0_3":{"frame":{"x":1,"y":37,"w":16,"h":16},"rotated":false,"trimmed":false,"spriteSourceSize":{"x":0,"y":0,"w":16,"h":16},"sourceSize":{"w":16,"h":16},"pivot":{"x":0.5,"y":0.5}},"mask_dude/hit/hit_tile_0_4":{"frame":{"x":19,"y":37,"w":16,"h":16},"rotated":false,"trimmed":false,"spriteSourceSize":{"x":0,"y":0,"w":16,"h":16},"sourceSize":{"w":16,"h":16},"pivot":{"x":0.5,"y":0.5}},"mask_dude/hit/hit_tile_0_6":{"frame":{"x":37,"y":37,"w":16,"h":16},"rotated":false,"trimmed":false,"spriteSourceSize":{"x":0,"y":0,"w":16,"h":16},"sourceSize":{"w":16,"h":16},"pivot":{"x":0.5,"y":0.5}},"mask_dude/idle/idle_tile_0_0":{"frame":{"x":55,"y":1,"w":16,"h":16},"rotated":false,"trimmed":false,"spriteSourceSize":{"x":0,"y":0,"w":16,"h":16},"sourceSize":{"w":16,"h":16},"pivot":{"x":0.5,"y":0.5}},"mask_dude/idle/idle_tile_0_1":{"frame":{"x":55,"y":19,"w":16,"h":16},"rotated":false,"trimmed":false,"spriteSourceSize":{"x":0,"y":0,"w":16,"h":16},"sourceSize":{"w":16,"h":16},"pivot":{"x":0.5,"y":0.5}},"mask_dude/idle/idle_tile_0_10":{"frame":{"x":55,"y":37,"w":16,"h":16},"rotated":false,"trimmed":false,"spriteSourceSize":{"x":0,"y":0,"w":16,"h":16},"sourceSize":{"w":16,"h":16},"pivot":{"x":0.5,"y":0.5}},"mask_dude/idle/idle_tile_0_3":{"frame":{"x":1,"y":55,"w":16,"h":16},"rotated":false,"trimmed":false,"spriteSourceSize":{"x":0,"y":0,"w":16,"h":16},"sourceSize":{"w":16,"h":16},"pivot":{"x":0.5,"y":0.5}},"mask_dude/idle/idle_tile_0_5":{"frame":{"x":19,"y":55,"w":16,"h":16},"rotated":false,"trimmed":false,"spriteSourceSize":{"x":0,"y":0,"w":16,"h":16},"sourceSize":{"w":16,"h":16},"pivot":{"x":0.5,"y":0.5}},"mask_dude/jump/jump_tile_0_0":{"frame":{"x":37,"y":55,"w":16,"h":16},"rotated":false,"trimmed":false,"spriteSourceSize":{"x":0,"y":0,"w":16,"h":16},"sourceSize":{"w":16,"h":16},"pivot":{"x":0.5,"y":0.5}},"mask_dude/run/run_tile_0_0":{"frame":{"x":55,"y":55,"w":16,"h":16},"rotated":false,"trimmed":false,"spriteSourceSize":{"x":0,"y":0,"w":16,"h":16},"sourceSize":{"w":16,"h":16},"pivot":{"x":0.5,"y":0.5}},"mask_dude/run/run_tile_0_1":{"frame":{"x":73,"y":1,"w":16,"h":16},"rotated":false,"trimmed":false,"spriteSourceSize":{"x":0,"y":0,"w":16,"h":16},"sourceSize":{"w":16,"h":16},"pivot":{"x":0.5,"y":0.5}},"mask_dude/run/run_tile_0_10":{"frame":{"x":73,"y":19,"w":16,"h":16},"rotated":false,"trimmed":false,"spriteSourceSize":{"x":0,"y":0,"w":16,"h":16},"sourceSize":{"w":16,"h":16},"pivot":{"x":0.5,"y":0.5}},"mask_dude/run/run_tile_0_3":{"frame":{"x":73,"y":37,"w":16,"h":16},"rotated":false,"trimmed":false,"spriteSourceSize":{"x":0,"y":0,"w":16,"h":16},"sourceSize":{"w":16,"h":16},"pivot":{"x":0.5,"y":0.5}},"mask_dude/run/run_tile_0_4":{"frame":{"x":73,"y":55,"w":16,"h":16},"rotated":false,"trimmed":false,"spriteSourceSize":{"x":0,"y":0,"w":16,"h":16},"sourceSize":{"w":16,"h":16},"pivot":{"x":0.5,"y":0.5}},"mask_dude/run/run_tile_0_6":{"frame":{"x":1,"y":73,"w":16,"h":16},"rotated":false,"trimmed":false,"spriteSourceSize":{"x":0,"y":0,"w":16,"h":16},"sourceSize":{"w":16,"h":16},"pivot":{"x":0.5,"y":0.5}},"mask_dude/run/run_tile_0_7":{"frame":{"x":19,"y":73,"w":16,"h":16},"rotated":false,"trimmed":false,"spriteSourceSize":{"x":0,"y":0,"w":16,"h":16},"sourceSize":{"w":16,"h":16},"pivot":{"x":0.5,"y":0.5}},"mask_dude/run/run_tile_0_9":{"frame":{"x":37,"y":73,"w":16,"h":16},"rotated":false,"trimmed":false,"spriteSourceSize":{"x":0,"y":0,"w":16,"h":16},"sourceSize":{"w":16,"h":16},"pivot":{"x":0.5,"y":0.5}},"mask_dude/wall_jump/wall_jump_tile_0_0":{"frame":{"x":55,"y":73,"w":16,"h":16},"rotated":false,"trimmed":false,"spriteSourceSize":{"x":0,"y":0,"w":16,"h":16},"sourceSize":{"w":16,"h":16},"pivot":{"x":0.5,"y":0.5}},"mask_dude/wall_jump/wall_jump_tile_0_2":{"frame":{"x":73,"y":73,"w":16,"h":16},"rotated":false,"trimmed":false,"spriteSourceSize":{"x":0,"y":0,"w":16,"h":16},"sourceSize":{"w":16,"h":16},"pivot":{"x":0.5,"y":0.5}},"mask_dude/double_jump/double_jump_tile_0_1":{"frame":{"x":1,"y":1,"w":16,"h":16},"rotated":false,"trimmed":false,"spriteSourceSize":{"x":0,"y":0,"w":16,"h":16},"sourceSize":{"w":16,"h":16},"pivot":{"x":0.5,"y":0.5}},"mask_dude/double_jump/double_jump_tile_0_3":{"frame":{"x":19,"y":1,"w":16,"h":16},"rotated":false,"trimmed":false,"spriteSourceSize":{"x":0,"y":0,"w":16,"h":16},"sourceSize":{"w":16,"h":16},"pivot":{"x":0.5,"y":0.5}},"mask_dude/double_jump/double_jump_tile_0_5":{"frame":{"x":1,"y":19,"w":16,"h":16},"rotated":false,"trimmed":false,"spriteSourceSize":{"x":0,"y":0,"w":16,"h":16},"sourceSize":{"w":16,"h":16},"pivot":{"x":0.5,"y":0.5}},"mask_dude/hit/hit_tile_0_1":{"frame":{"x":37,"y":1,"w":16,"h":16},"rotated":false,"trimmed":false,"spriteSourceSize":{"x":0,"y":0,"w":16,"h":16},"sourceSize":{"w":16,"h":16},"pivot":{"x":0.5,"y":0.5}},"mask_dude/hit/hit_tile_0_5":{"frame":{"x":1,"y":37,"w":16,"h":16},"rotated":false,"trimmed":false,"spriteSourceSize":{"x":0,"y":0,"w":16,"h":16},"sourceSize":{"w":16,"h":16},"pivot":{"x":0.5,"y":0.5}},"mask_dude/idle/idle_tile_0_2":{"frame":{"x":55,"y":19,"w":16,"h":16},"rotated":false,"trimmed":false,"spriteSourceSize":{"x":0,"y":0,"w":16,"h":16},"sourceSize":{"w":16,"h":16},"pivot":{"x":0.5,"y":0.5}},"mask_dude/idle/idle_tile_0_9":{"frame":{"x":55,"y":37,"w":16,"h":16},"rotated":false,"trimmed":false,"spriteSourceSize":{"x":0,"y":0,"w":16,"h":16},"sourceSize":{"w":16,"h":16},"pivot":{"x":0.5,"y":0.5}},"mask_dude/idle/idle_tile_0_4":{"frame":{"x":1,"y":55,"w":16,"h":16},"rotated":false,"trimmed":false,"spriteSourceSize":{"x":0,"y":0,"w":16,"h":16},"sourceSize":{"w":16,"h":16},"pivot":{"x":0.5,"y":0.5}},"mask_dude/idle/idle_tile_0_6":{"frame":{"x":19,"y":55,"w":16,"h":16},"rotated":false,"trimmed":false,"spriteSourceSize":{"x":0,"y":0,"w":16,"h":16},"sourceSize":{"w":16,"h":16},"pivot":{"x":0.5,"y":0.5}},"mask_dude/idle/idle_tile_0_7":{"frame":{"x":19,"y":55,"w":16,"h":16},"rotated":false,"trimmed":false,"spriteSourceSize":{"x":0,"y":0,"w":16,"h":16},"sourceSize":{"w":16,"h":16},"pivot":{"x":0.5,"y":0.5}},"mask_dude/idle/idle_tile_0_8":{"frame":{"x":19,"y":55,"w":16,"h":16},"rotated":false,"trimmed":false,"spriteSourceSize":{"x":0,"y":0,"w":16,"h":16},"sourceSize":{"w":16,"h":16},"pivot":{"x":0.5,"y":0.5}},"mask_dude/run/run_tile_0_2":{"frame":{"x":73,"y":1,"w":16,"h":16},"rotated":false,"trimmed":false,"spriteSourceSize":{"x":0,"y":0,"w":16,"h":16},"sourceSize":{"w":16,"h":16},"pivot":{"x":0.5,"y":0.5}},"mask_dude/run/run_tile_0_11":{"frame":{"x":73,"y":19,"w":16,"h":16},"rotated":false,"trimmed":false,"spriteSourceSize":{"x":0,"y":0,"w":16,"h":16},"sourceSize":{"w":16,"h":16},"pivot":{"x":0.5,"y":0.5}},"mask_dude/run/run_tile_0_5":{"frame":{"x":73,"y":55,"w":16,"h":16},"rotated":false,"trimmed":false,"spriteSourceSize":{"x":0,"y":0,"w":16,"h":16},"sourceSize":{"w":16,"h":16},"pivot":{"x":0.5,"y":0.5}},"mask_dude/run/run_tile_0_8":{"frame":{"x":19,"y":73,"w":16,"h":16},"rotated":false,"trimmed":false,"spriteSourceSize":{"x":0,"y":0,"w":16,"h":16},"sourceSize":{"w":16,"h":16},"pivot":{"x":0.5,"y":0.5}},"mask_dude/wall_jump/wall_jump_tile_0_1":{"frame":{"x":55,"y":73,"w":16,"h":16},"rotated":false,"trimmed":false,"spriteSourceSize":{"x":0,"y":0,"w":16,"h":16},"sourceSize":{"w":16,"h":16},"pivot":{"x":0.5,"y":0.5}},"mask_dude/wall_jump/wall_jump_tile_0_3":{"frame":{"x":73,"y":73,"w":16,"h":16},"rotated":false,"trimmed":false,"spriteSourceSize":{"x":0,"y":0,"w":16,"h":16},"sourceSize":{"w":16,"h":16},"pivot":{"x":0.5,"y":0.5}},"mask_dude/wall_jump/wall_jump_tile_0_4":{"frame":{"x":73,"y":73,"w":16,"h":16},"rotated":false,"trimmed":false,"spriteSourceSize":{"x":0,"y":0,"w":16,"h":16},"sourceSize":{"w":16,"h":16},"pivot":{"x":0.5,"y":0.5}}},"meta":{"app":"http://github.com/odrick/free-tex-packer-core","version":"0.3.4","image":"characters@0.5x.png","format":"RGBA8888","size":{"w":90,"h":90},"scale":0.5}}