{"frames":{"frame-2":{"frame":{"x":1,"y":1,"w":594,"h":208},"rotated":false,"trimmed":false,"spriteSourceSize":{"x":0,"y":0,"w":594,"h":208},"sourceSize":{"w":594,"h":208},"pivot":{"x":0.5,"y":0.5}},"effect-shape-1":{"frame":{"x":1,"y":211,"w":559.5,"h":286.5},"rotated":false,"trimmed":false,"spriteSourceSize":{"x":0,"y":0,"w":559.5,"h":286.5},"sourceSize":{"w":559.5,"h":286.5},"pivot":{"x":0.5,"y":0.5}},"frame-1":{"frame":{"x":1,"y":499.5,"w":534,"h":148},"rotated":false,"trimmed":false,"spriteSourceSize":{"x":0,"y":0,"w":534,"h":148},"sourceSize":{"w":534,"h":148},"pivot":{"x":0.5,"y":0.5}},"gold-glow":{"frame":{"x":597,"y":1,"w":348,"h":197.5},"rotated":false,"trimmed":false,"spriteSourceSize":{"x":0,"y":0,"w":348,"h":197.5},"sourceSize":{"w":348,"h":197.5},"pivot":{"x":0.5,"y":0.5}},"star-blur":{"frame":{"x":597,"y":200.5,"w":324.5,"h":318},"rotated":false,"trimmed":false,"spriteSourceSize":{"x":0,"y":0,"w":324.5,"h":318},"sourceSize":{"w":324.5,"h":318},"pivot":{"x":0.5,"y":0.5}},"front-chest":{"frame":{"x":537,"y":520.5,"w":230.5,"h":111},"rotated":false,"trimmed":false,"spriteSourceSize":{"x":0,"y":0,"w":230.5,"h":111},"sourceSize":{"w":230.5,"h":111},"pivot":{"x":0.5,"y":0.5}},"golden-chest":{"frame":{"x":1,"y":649.5,"w":230.5,"h":115.5},"rotated":false,"trimmed":false,"spriteSourceSize":{"x":0,"y":0,"w":230.5,"h":115.5},"sourceSize":{"w":230.5,"h":115.5},"pivot":{"x":0.5,"y":0.5}},"golden-lid":{"frame":{"x":233.5,"y":649.5,"w":218,"h":79},"rotated":false,"trimmed":false,"spriteSourceSize":{"x":0,"y":0,"w":218,"h":79},"sourceSize":{"w":218,"h":79},"pivot":{"x":0.5,"y":0.5}},"base-chest":{"frame":{"x":1,"y":767,"w":217,"h":166.5},"rotated":false,"trimmed":false,"spriteSourceSize":{"x":0,"y":0,"w":217,"h":166.5},"sourceSize":{"w":217,"h":166.5},"pivot":{"x":0.5,"y":0.5}},"golden-lid-close":{"frame":{"x":220,"y":767,"w":207,"h":72.5},"rotated":false,"trimmed":false,"spriteSourceSize":{"x":0,"y":0,"w":207,"h":72.5},"sourceSize":{"w":207,"h":72.5},"pivot":{"x":0.5,"y":0.5}},"chest-lid":{"frame":{"x":429,"y":730.5,"w":203,"h":120.5},"rotated":false,"trimmed":false,"spriteSourceSize":{"x":0,"y":0,"w":203,"h":120.5},"sourceSize":{"w":203,"h":120.5},"pivot":{"x":0.5,"y":0.5}},"gold-coins":{"frame":{"x":769.5,"y":520.5,"w":167.5,"h":48},"rotated":false,"trimmed":false,"spriteSourceSize":{"x":0,"y":0,"w":167.5,"h":48},"sourceSize":{"w":167.5,"h":48},"pivot":{"x":0.5,"y":0.5}},"new-coins":{"frame":{"x":233.5,"y":730.5,"w":144,"h":27},"rotated":false,"trimmed":false,"spriteSourceSize":{"x":0,"y":0,"w":144,"h":27},"sourceSize":{"w":144,"h":27},"pivot":{"x":0.5,"y":0.5}},"smoke1":{"frame":{"x":453.5,"y":649.5,"w":64,"h":64},"rotated":false,"trimmed":false,"spriteSourceSize":{"x":0,"y":0,"w":64,"h":64},"sourceSize":{"w":64,"h":64},"pivot":{"x":0.5,"y":0.5}},"round-blur":{"frame":{"x":519.5,"y":649.5,"w":57.5,"h":57.5},"rotated":false,"trimmed":false,"spriteSourceSize":{"x":0,"y":0,"w":57.5,"h":57.5},"sourceSize":{"w":57.5,"h":57.5},"pivot":{"x":0.5,"y":0.5}}},"meta":{"app":"http://github.com/odrick/free-tex-packer-core","version":"0.3.4","image":"chest@0.5x.png","format":"RGBA8888","size":{"w":946,"h":935},"scale":0.5}}