{"frames":{"frame-2":{"frame":{"x":2,"y":2,"w":1188,"h":416},"rotated":false,"trimmed":false,"spriteSourceSize":{"x":0,"y":0,"w":1188,"h":416},"sourceSize":{"w":1188,"h":416},"pivot":{"x":0.5,"y":0.5}},"effect-shape-1":{"frame":{"x":2,"y":422,"w":1119,"h":573},"rotated":false,"trimmed":false,"spriteSourceSize":{"x":0,"y":0,"w":1119,"h":573},"sourceSize":{"w":1119,"h":573},"pivot":{"x":0.5,"y":0.5}},"frame-1":{"frame":{"x":2,"y":999,"w":1068,"h":296},"rotated":false,"trimmed":false,"spriteSourceSize":{"x":0,"y":0,"w":1068,"h":296},"sourceSize":{"w":1068,"h":296},"pivot":{"x":0.5,"y":0.5}},"gold-glow":{"frame":{"x":1194,"y":2,"w":696,"h":395},"rotated":false,"trimmed":false,"spriteSourceSize":{"x":0,"y":0,"w":696,"h":395},"sourceSize":{"w":696,"h":395},"pivot":{"x":0.5,"y":0.5}},"star-blur":{"frame":{"x":1194,"y":401,"w":649,"h":636},"rotated":false,"trimmed":false,"spriteSourceSize":{"x":0,"y":0,"w":649,"h":636},"sourceSize":{"w":649,"h":636},"pivot":{"x":0.5,"y":0.5}},"front-chest":{"frame":{"x":1074,"y":1041,"w":461,"h":222},"rotated":false,"trimmed":false,"spriteSourceSize":{"x":0,"y":0,"w":461,"h":222},"sourceSize":{"w":461,"h":222},"pivot":{"x":0.5,"y":0.5}},"golden-chest":{"frame":{"x":2,"y":1299,"w":461,"h":231},"rotated":false,"trimmed":false,"spriteSourceSize":{"x":0,"y":0,"w":461,"h":231},"sourceSize":{"w":461,"h":231},"pivot":{"x":0.5,"y":0.5}},"golden-lid":{"frame":{"x":467,"y":1299,"w":436,"h":158},"rotated":false,"trimmed":false,"spriteSourceSize":{"x":0,"y":0,"w":436,"h":158},"sourceSize":{"w":436,"h":158},"pivot":{"x":0.5,"y":0.5}},"base-chest":{"frame":{"x":2,"y":1534,"w":434,"h":333},"rotated":false,"trimmed":false,"spriteSourceSize":{"x":0,"y":0,"w":434,"h":333},"sourceSize":{"w":434,"h":333},"pivot":{"x":0.5,"y":0.5}},"golden-lid-close":{"frame":{"x":440,"y":1534,"w":414,"h":145},"rotated":false,"trimmed":false,"spriteSourceSize":{"x":0,"y":0,"w":414,"h":145},"sourceSize":{"w":414,"h":145},"pivot":{"x":0.5,"y":0.5}},"chest-lid":{"frame":{"x":858,"y":1461,"w":406,"h":241},"rotated":false,"trimmed":false,"spriteSourceSize":{"x":0,"y":0,"w":406,"h":241},"sourceSize":{"w":406,"h":241},"pivot":{"x":0.5,"y":0.5}},"gold-coins":{"frame":{"x":1539,"y":1041,"w":335,"h":96},"rotated":false,"trimmed":false,"spriteSourceSize":{"x":0,"y":0,"w":335,"h":96},"sourceSize":{"w":335,"h":96},"pivot":{"x":0.5,"y":0.5}},"new-coins":{"frame":{"x":467,"y":1461,"w":288,"h":54},"rotated":false,"trimmed":false,"spriteSourceSize":{"x":0,"y":0,"w":288,"h":54},"sourceSize":{"w":288,"h":54},"pivot":{"x":0.5,"y":0.5}},"smoke1":{"frame":{"x":907,"y":1299,"w":128,"h":128},"rotated":false,"trimmed":false,"spriteSourceSize":{"x":0,"y":0,"w":128,"h":128},"sourceSize":{"w":128,"h":128},"pivot":{"x":0.5,"y":0.5}},"round-blur":{"frame":{"x":1039,"y":1299,"w":115,"h":115},"rotated":false,"trimmed":false,"spriteSourceSize":{"x":0,"y":0,"w":115,"h":115},"sourceSize":{"w":115,"h":115},"pivot":{"x":0.5,"y":0.5}}},"meta":{"app":"http://github.com/odrick/free-tex-packer-core","version":"0.3.4","image":"chest@1x.png","format":"RGBA8888","size":{"w":1892,"h":1869},"scale":1}}