{"Island":[{"key":"Island","frame":"Island_001"},{"key":"Island","frame":"Island_002"},{"key":"Island","frame":"Island_003"},{"key":"Island","frame":"Island_004"},{"key":"Island","frame":"Island_005"},{"key":"Island","frame":"Island_006"},{"key":"Island","frame":"Island_007"},{"key":"Island","frame":"Island_008"},{"key":"Island","frame":"Island_009"},{"key":"Island","frame":"Island_010"},{"key":"Island","frame":"Island_011"},{"key":"Island","frame":"Island_012"},{"key":"Island","frame":"Island_013"},{"key":"Island","frame":"Island_014"},{"key":"Island","frame":"Island_015"},{"key":"Island","frame":"Island_016"},{"key":"Island","frame":"Island_017"},{"key":"Island","frame":"Island_018"},{"key":"Island","frame":"Island_019"},{"key":"Island","frame":"Island_020"},{"key":"Island","frame":"Island_021"},{"key":"Island","frame":"Island_022"},{"key":"Island","frame":"Island_023"},{"key":"Island","frame":"Island_024"}],"wind":[{"key":"wind","frame":"wind_pu_000"},{"key":"wind","frame":"wind_pu_001"},{"key":"wind","frame":"wind_pu_002"},{"key":"wind","frame":"wind_pu_003"},{"key":"wind","frame":"wind_pu_004"},{"key":"wind","frame":"wind_pu_005"},{"key":"wind","frame":"wind_pu_006"},{"key":"wind","frame":"wind_pu_007"},{"key":"wind","frame":"wind_pu_008"}]}