{"frames":{"perfect":{"frame":{"x":2,"y":2,"w":613,"h":254},"rotated":false,"trimmed":false,"spriteSourceSize":{"x":0,"y":0,"w":613,"h":254},"sourceSize":{"w":613,"h":254},"pivot":{"x":0.5,"y":0.5}},"game":{"frame":{"x":2,"y":260,"w":447,"h":245},"rotated":false,"trimmed":false,"spriteSourceSize":{"x":0,"y":0,"w":447,"h":245},"sourceSize":{"w":447,"h":245},"pivot":{"x":0.5,"y":0.5}},"star_1":{"frame":{"x":453,"y":260,"w":133,"h":132},"rotated":false,"trimmed":false,"spriteSourceSize":{"x":0,"y":0,"w":133,"h":132},"sourceSize":{"w":133,"h":132},"pivot":{"x":0.5,"y":0.5}},"star_2":{"frame":{"x":2,"y":509,"w":133,"h":132},"rotated":false,"trimmed":false,"spriteSourceSize":{"x":0,"y":0,"w":133,"h":132},"sourceSize":{"w":133,"h":132},"pivot":{"x":0.5,"y":0.5}}},"meta":{"app":"http://github.com/odrick/free-tex-packer-core","version":"0.3.4","image":"perfect-game@1x.png","format":"RGBA8888","size":{"w":617,"h":643},"scale":1}}