{"frames":{"perfect":{"frame":{"x":1,"y":1,"w":306.5,"h":127},"rotated":false,"trimmed":false,"spriteSourceSize":{"x":0,"y":0,"w":306.5,"h":127},"sourceSize":{"w":306.5,"h":127},"pivot":{"x":0.5,"y":0.5}},"game":{"frame":{"x":1,"y":130,"w":223.5,"h":122.5},"rotated":false,"trimmed":false,"spriteSourceSize":{"x":0,"y":0,"w":223.5,"h":122.5},"sourceSize":{"w":223.5,"h":122.5},"pivot":{"x":0.5,"y":0.5}},"star_1":{"frame":{"x":226.5,"y":130,"w":66.5,"h":66},"rotated":false,"trimmed":false,"spriteSourceSize":{"x":0,"y":0,"w":66.5,"h":66},"sourceSize":{"w":66.5,"h":66},"pivot":{"x":0.5,"y":0.5}},"star_2":{"frame":{"x":1,"y":254.5,"w":66.5,"h":66},"rotated":false,"trimmed":false,"spriteSourceSize":{"x":0,"y":0,"w":66.5,"h":66},"sourceSize":{"w":66.5,"h":66},"pivot":{"x":0.5,"y":0.5}}},"meta":{"app":"http://github.com/odrick/free-tex-packer-core","version":"0.3.4","image":"perfect-game@0.5x.png","format":"RGBA8888","size":{"w":309,"h":322},"scale":0.5}}