{"LBL_WELCOME":"欢迎","LBL_USERNAME":"用户名","LBL_PASSWORD":"密码","BTN_LOGIN":"登录","BTN_LOGOUT":"退出登录","BTN_SUBMIT":"提交","BTN_CANCEL":"取消","LBL_FIRST_NAME":"名","LBL_LAST_NAME":"姓氏","LBL_EMAIL":"电子邮件","LBL_PHONE":"电话","LBL_ADDRESS":"Address","LBL_CITY":"城市","LBL_STATE":"州/省","LBL_COUNTRY":"国家/地区","MSG_SUCCESS":"成功","MSG_ERROR":"错误","MSG_WARNING":"警告","MSG_INFO":"信息","LBL_DATE":"日期：","LBL_TIME":"时间","LBL_SELECT":"选择...","LBL_OPTION":"选项","LBL_LANGUAGE":"语言","LBL_THEME":"主题","CHK_REMEMBER":"记住我","OPT_MALE":"男","OPT_FEMALE":"女","OPT_OTHER":"其他","BTN_CONFIRM":"确认","RUBY_BTN_CLOSE":"关闭","RUBY_BTN_CANCEL":"取消","RUBY_BTN_CONFIRM":"确认","RUBY_BTN_SWITCH_TO":"切换到 ","RUBY_BTN_EXIT_CONFIRM":"离开","RUBY_CURRENCY_WARNING":"翡翠和金币有不同的投注大小","RUBY_CHANGE_CURRENCY":"是否要切换币种？","RUBY_CURRENT_PLAYING_CURRENCY":"您目前正在玩","RUBY_EXIT_GAME":"你确定要离开吗？","RUBY_ASK_BET":"你想赌多少钱？","RUBY_BET":"竞猜","RUBY_BALANCE":"余额","RUBY_WIN":"胜利","RUBY_LOSE":"输","RUBY_PLAY_GAME":"播放","RUBY_SETTINGS":"设置"}