{"LBL_WELCOME":"Добро пожаловать","LBL_USERNAME":"Имя пользователя","LBL_PASSWORD":"Пароль","BTN_LOGIN":"Войти","BTN_LOGOUT":"Выход","BTN_SUBMIT":"Отправить","BTN_CANCEL":"Отменить","LBL_FIRST_NAME":"Имя","LBL_LAST_NAME":"Фамилия","LBL_EMAIL":"Электронная почта","LBL_PHONE":"Телефон","LBL_ADDRESS":"Адрес","LBL_CITY":"Город","LBL_STATE":"Штат","LBL_COUNTRY":"Страна","MSG_SUCCESS":"Выполнено","MSG_ERROR":"Ошибка","MSG_WARNING":"Внимание","MSG_INFO":"Информация","LBL_DATE":"Дата","LBL_TIME":"Время","LBL_SELECT":"Выберите","LBL_OPTION":"Вариант","LBL_LANGUAGE":"Язык","LBL_THEME":"Тема","CHK_REMEMBER":"Запомни меня","OPT_MALE":"Мужской","OPT_FEMALE":"Жен.","OPT_OTHER":"Прочие","BTN_CONFIRM":"Подтвердить","RUBY_BTN_CLOSE":"Закрыть","RUBY_BTN_CANCEL":"Отменить","RUBY_BTN_CONFIRM":"Подтвердить","RUBY_BTN_SWITCH_TO":"Переключить на ","RUBY_BTN_EXIT_CONFIRM":"Выйти","RUBY_CURRENCY_WARNING":"Изумруды и золотые монеты имеют разные размеры ставок","RUBY_CHANGE_CURRENCY":"Хотите поменять валюту?","RUBY_CURRENT_PLAYING_CURRENCY":"В настоящее время вы играете в","RUBY_EXIT_GAME":"Вы уверены, что хотите выйти?","RUBY_ASK_BET":"Сколько ты хочешь поставить","RUBY_BET":"Ставка","RUBY_BALANCE":"Баланс","RUBY_WIN":"Выиграть","RUBY_LOSE":"Поражений","RUBY_PLAY_GAME":"Розыгрыш","RUBY_SETTINGS":"Настройки"}