{"LBL_WELCOME":"Bienvenido","LBL_USERNAME":"Usuario","LBL_PASSWORD":"Contraseña","BTN_LOGIN":"Inicio de sesión","BTN_LOGOUT":"Cerrar sesión","BTN_SUBMIT":"Enviar","BTN_CANCEL":"Cancelar","LBL_FIRST_NAME":"‫Nombre","LBL_LAST_NAME":"Apellido","LBL_EMAIL":"El correo electrónico","LBL_PHONE":"Teléfono","LBL_ADDRESS":"Dirección","LBL_CITY":"Ciudad","LBL_STATE":"Estado","LBL_COUNTRY":"País","MSG_SUCCESS":"Éxito","MSG_ERROR":"Error","MSG_WARNING":"Advertencia","MSG_INFO":"Información","LBL_DATE":"Fecha","LBL_TIME":"Tiempo","LBL_SELECT":"Select","LBL_OPTION":"Opción","LBL_LANGUAGE":"Idioma","LBL_THEME":"Tema","CHK_REMEMBER":"Recuérdame","OPT_MALE":"Masculino","OPT_FEMALE":"Femenino","OPT_OTHER":"Otros","BTN_CONFIRM":"Confirmar","GAME_OVER":"Juego terminado","SCORE":"Puntuación: %1","WINNINGS":"Ganancias: ${1}","RUBY_BTN_CLOSE":"Cerrar","RUBY_BTN_CANCEL":"Cancelar","RUBY_BTN_CONFIRM":"Confirmar","RUBY_BTN_SWITCH_TO":"Cambiar a","RUBY_BTN_EXIT_CONFIRM":"Salir","RUBY_CURRENCY_WARNING":"Las Esmeraldas y las Monedas de Oro tienen diferentes tamaños de apuesta","RUBY_CHANGE_CURRENCY":"¿Quieres cambiar de divisa?","RUBY_CURRENT_PLAYING_CURRENCY":"Actualmente estás jugando en","RUBY_EXIT_GAME":"¿Seguro que deseas abandonar?","RUBY_ASK_BET":"¿Cuánto quieres apostar?","RUBY_BET":"Apuesta","RUBY_BALANCE":"Saldo","RUBY_WIN":"Gane","RUBY_LOSE":"Pérdida","RUBY_PLAY_GAME":"Play","RUBY_SETTINGS":"Configuración","RUBY_PAY_TABLE":"Tabla de pagos","RUBY_AUTO_PLAY_ON":"Reproducción automática activada","RUBY_AUTO_PLAY_OFF":"Reproducción automática desactivada","RUBY_GAME_INFO":"Información del juego","RUBY_INSUFICIENT_FUNDS":"Fondos insuficientes","RUBY_EXPLAIN_NO_FUNDS":"Prueba con otra moneda o recarga"}