{"LBL_WELCOME":"Benvenuti","LBL_USERNAME":"Nome utente","LBL_PASSWORD":"Password","BTN_LOGIN":"Accesso","BTN_LOGOUT":"Esci","BTN_SUBMIT":"Invia","BTN_CANCEL":"Annulla","LBL_FIRST_NAME":"Nome","LBL_LAST_NAME":"Cognome","LBL_EMAIL":"E-mail","LBL_PHONE":"Telefono","LBL_ADDRESS":"Indirizzo","LBL_CITY":"Città","LBL_STATE":"Regione","LBL_COUNTRY":"Paese","MSG_SUCCESS":"Operazione completata","MSG_ERROR":"Errore","MSG_WARNING":"Avviso","MSG_INFO":"Informazioni","LBL_DATE":"Data","LBL_TIME":"Ora","LBL_SELECT":"Seleziona","LBL_OPTION":"Opzione","LBL_LANGUAGE":"Lingua","LBL_THEME":"Tema","CHK_REMEMBER":"Ricordami","OPT_MALE":"Maschio","OPT_FEMALE":"Femminile","OPT_OTHER":"Altri","BTN_CONFIRM":"Conferma","RUBY_BTN_CLOSE":"Chiudi","RUBY_BTN_CANCEL":"Annulla","RUBY_BTN_CONFIRM":"Conferma","RUBY_BTN_SWITCH_TO":"Passa a ","RUBY_BTN_EXIT_CONFIRM":"Esci","RUBY_CURRENCY_WARNING":"Gli smeraldi e le monete d'oro hanno diverse dimensioni di puntata","RUBY_CHANGE_CURRENCY":"Vuoi cambiare valuta?","RUBY_CURRENT_PLAYING_CURRENCY":"Stai giocando in","RUBY_EXIT_GAME":"Uscire?","RUBY_ASK_BET":"Quanto desideri pagare?","RUBY_BET":"Punta","RUBY_BALANCE":"Saldo","RUBY_WIN":"Vittoria","RUBY_LOSE":"Perdere","RUBY_PLAY_GAME":"Play","RUBY_SETTINGS":"Impostazioni"}