{"LBL_WELCOME":"Bem-vindo","LBL_USERNAME":"Nome de usuário","LBL_PASSWORD":"Senha","BTN_LOGIN":"Entrar","BTN_LOGOUT":"Sair","BTN_SUBMIT":"Enviar","BTN_CANCEL":"Cancelar","LBL_FIRST_NAME":"Sobrenome","LBL_LAST_NAME":"Nome","LBL_EMAIL":"Envie e-mail","LBL_PHONE":"Telefone","LBL_ADDRESS":"Endereço","LBL_CITY":"Cidade","LBL_STATE":"Estado","LBL_COUNTRY":"País","MSG_SUCCESS":"Sucesso","MSG_ERROR":"Erro","MSG_WARNING":"Aviso","MSG_INFO":"Informação","LBL_DATE":"Data","LBL_TIME":"Tempo","LBL_SELECT":"Selecionar","LBL_OPTION":"Opção","LBL_LANGUAGE":"Idioma","LBL_THEME":"Tema","CHK_REMEMBER":"Lembrar-me","OPT_MALE":"Masculino","OPT_FEMALE":"Feminino","OPT_OTHER":"Outro(s)","BTN_CONFIRM":"Confirmar","GAME_OVER":"Fim de jogo","SCORE":"Pontuação: 1","WINNINGS":"Ganhos: ${1}","RUBY_BTN_CLOSE":"Fechar","RUBY_BTN_CANCEL":"Cancelar","RUBY_BTN_CONFIRM":"Confirmar","RUBY_BTN_SWITCH_TO":"Acessar como ","RUBY_BTN_EXIT_CONFIRM":"Sair","RUBY_CURRENCY_WARNING":"Esmeraldas e moedas de ouro têm diferentes tamanhos de aposta","RUBY_CHANGE_CURRENCY":"Deseja trocar de moeda?","RUBY_CURRENT_PLAYING_CURRENCY":"No momento, você está jogando em","RUBY_EXIT_GAME":"Você tem certeza de que deseja sair?","RUBY_ASK_BET":"Quanto você quer apostar?","RUBY_BET":"Aposta","RUBY_BALANCE":"Saldo","RUBY_WIN":"Ganho","RUBY_LOSE":"Perder","RUBY_PLAY_GAME":"Jogar","RUBY_SETTINGS":"Configurações","RUBY_PAY_TABLE":"Tabela de Pagamentos","RUBY_AUTO_PLAY_ON":"Reprodução Automática Ativada","RUBY_AUTO_PLAY_OFF":"Reprodução Automática Desligada","RUBY_GAME_INFO":"Info do Jogo","RUBY_INSUFICIENT_FUNDS":"Créditos insuficientes","RUBY_EXPLAIN_NO_FUNDS":"Experimente outra moeda ou recarregue"}