{"LBL_WELCOME":"Vítejte","LBL_USERNAME":"Uživatelské jméno","LBL_PASSWORD":"Heslo","BTN_LOGIN":"Přihlášení","BTN_LOGOUT":"Odhlásit","BTN_SUBMIT":"Potvrdit","BTN_CANCEL":"Zrušit","LBL_FIRST_NAME":"Jméno","LBL_LAST_NAME":"Příjmení","LBL_EMAIL":"E-mail","LBL_PHONE":"Telefon","LBL_ADDRESS":"Adresa","LBL_CITY":"Město","LBL_STATE":"Stav","LBL_COUNTRY":"Země","MSG_SUCCESS":"Úspěšně provedeno","MSG_ERROR":"Chyba","MSG_WARNING":"Varování","MSG_INFO":"Informace","LBL_DATE":"Datum","LBL_TIME":"Čas","LBL_SELECT":"Vyberte","LBL_OPTION":"Možnost","LBL_LANGUAGE":"Jazyk","LBL_THEME":"Téma","CHK_REMEMBER":"Pamatovat si mě","OPT_MALE":"Muž","OPT_FEMALE":"Žena","OPT_OTHER":"Jiné","BTN_CONFIRM":"Potvrdit","RUBY_BTN_CLOSE":"Zavřít","RUBY_BTN_CANCEL":"Zrušit","RUBY_BTN_CONFIRM":"Potvrdit","RUBY_BTN_SWITCH_TO":"Přepnout na","RUBY_BTN_EXIT_CONFIRM":"Odejít","RUBY_CURRENCY_WARNING":"Smaragdy a zlaté mince mají různé velikosti sázek","RUBY_CHANGE_CURRENCY":"Chcete změnit měnu?","RUBY_CURRENT_PLAYING_CURRENCY":"Momentálně hrajete v","RUBY_EXIT_GAME":"Opravdu chcete odejít?","RUBY_ASK_BET":"Kolik chcete vsadit?","RUBY_BET":"Sázka","RUBY_BALANCE":"Zůstatek","RUBY_WIN":"Výhra","RUBY_LOSE":"Prohrál","RUBY_PLAY_GAME":"Hrát","RUBY_SETTINGS":"Nastavení"}