{"frames":{"glow_cirlce":{"frame":{"x":1,"y":1,"w":413.5,"h":443},"rotated":false,"trimmed":false,"spriteSourceSize":{"x":0,"y":0,"w":413.5,"h":443},"sourceSize":{"w":413.5,"h":443},"pivot":{"x":0.5,"y":0.5}},"glow_flat":{"frame":{"x":416.5,"y":1,"w":394,"h":287},"rotated":false,"trimmed":false,"spriteSourceSize":{"x":0,"y":0,"w":394,"h":287},"sourceSize":{"w":394,"h":287},"pivot":{"x":0.5,"y":0.5}},"gold-glow":{"frame":{"x":1,"y":446,"w":388,"h":237.5},"rotated":false,"trimmed":false,"spriteSourceSize":{"x":0,"y":0,"w":388,"h":237.5},"sourceSize":{"w":388,"h":237.5},"pivot":{"x":0.5,"y":0.5}},"chest_shadow":{"frame":{"x":416.5,"y":290,"w":340,"h":85.5},"rotated":false,"trimmed":false,"spriteSourceSize":{"x":0,"y":0,"w":340,"h":85.5},"sourceSize":{"w":340,"h":85.5},"pivot":{"x":0.5,"y":0.5}},"star-blur":{"frame":{"x":1,"y":685.5,"w":324.5,"h":318},"rotated":false,"trimmed":false,"spriteSourceSize":{"x":0,"y":0,"w":324.5,"h":318},"sourceSize":{"w":324.5,"h":318},"pivot":{"x":0.5,"y":0.5}},"front-chest":{"frame":{"x":416.5,"y":377.5,"w":270.5,"h":155.5},"rotated":false,"trimmed":false,"spriteSourceSize":{"x":0,"y":0,"w":270.5,"h":155.5},"sourceSize":{"w":270.5,"h":155.5},"pivot":{"x":0.5,"y":0.5}},"golden-chest":{"frame":{"x":391,"y":535,"w":270.5,"h":155.5},"rotated":false,"trimmed":false,"spriteSourceSize":{"x":0,"y":0,"w":270.5,"h":155.5},"sourceSize":{"w":270.5,"h":155.5},"pivot":{"x":0.5,"y":0.5}},"golden-lid":{"frame":{"x":327.5,"y":692.5,"w":258,"h":119},"rotated":false,"trimmed":false,"spriteSourceSize":{"x":0,"y":0,"w":258,"h":119},"sourceSize":{"w":258,"h":119},"pivot":{"x":0.5,"y":0.5}},"chest_gold_top":{"frame":{"x":327.5,"y":813.5,"w":248.5,"h":59},"rotated":false,"trimmed":false,"spriteSourceSize":{"x":0,"y":0,"w":248.5,"h":59},"sourceSize":{"w":248.5,"h":59},"pivot":{"x":0.5,"y":0.5}},"golden-lid-close":{"frame":{"x":327.5,"y":874.5,"w":247,"h":112.5},"rotated":false,"trimmed":false,"spriteSourceSize":{"x":0,"y":0,"w":247,"h":112.5},"sourceSize":{"w":247,"h":112.5},"pivot":{"x":0.5,"y":0.5}},"new-coins":{"frame":{"x":587.5,"y":692.5,"w":184,"h":67},"rotated":false,"trimmed":false,"spriteSourceSize":{"x":0,"y":0,"w":184,"h":67},"sourceSize":{"w":184,"h":67},"pivot":{"x":0.5,"y":0.5}},"new-emeralds":{"frame":{"x":587.5,"y":761.5,"w":184,"h":67},"rotated":false,"trimmed":false,"spriteSourceSize":{"x":0,"y":0,"w":184,"h":67},"sourceSize":{"w":184,"h":67},"pivot":{"x":0.5,"y":0.5}},"round-blur":{"frame":{"x":689,"y":377.5,"w":57.5,"h":57.5},"rotated":false,"trimmed":false,"spriteSourceSize":{"x":0,"y":0,"w":57.5,"h":57.5},"sourceSize":{"w":57.5,"h":57.5},"pivot":{"x":0.5,"y":0.5}},"smoke1":{"frame":{"x":773.5,"y":290,"w":32,"h":32},"rotated":false,"trimmed":false,"spriteSourceSize":{"x":0,"y":0,"w":32,"h":32},"sourceSize":{"w":32,"h":32},"pivot":{"x":0.5,"y":0.5}},"smoke2":{"frame":{"x":773.5,"y":324,"w":32,"h":32},"rotated":false,"trimmed":false,"spriteSourceSize":{"x":0,"y":0,"w":32,"h":32},"sourceSize":{"w":32,"h":32},"pivot":{"x":0.5,"y":0.5}}},"meta":{"app":"http://github.com/odrick/free-tex-packer-core","version":"0.3.4","image":"chest@0.5x.png","format":"RGBA8888","size":{"w":812,"h":1005},"scale":0.5}}