<?xml version="1.0" encoding="UTF-8"?><font><info face="Poppins-Bold" size="130" bold="0" italic="0" charset="" unicode="1" stretchH="100" smooth="1" aa="1" padding="20,20,20,20" spacing="10,10"/><common lineHeight="130" base="137" scaleW="504" scaleH="446" pages="1" packed="0"/><pages><page id="0" file="poppins-emerald.png"/></pages><chars count="14"><char id="32" x="0" y="0" width="0" height="0" xoffset="0" yoffset="0" xadvance="28" page="0" chnl="15"/><!--   --><char id="36" x="0" y="0" width="112" height="154" xoffset="-15" yoffset="14" xadvance="86" page="0" chnl="15"/><!-- $ --><char id="44" x="358" y="311" width="69" height="78" xoffset="-17" yoffset="96" xadvance="38" page="0" chnl="15"/><!-- , --><char id="46" x="437" y="311" width="67" height="64" xoffset="-15" yoffset="94" xadvance="37" page="0" chnl="15"/><!-- . --><char id="48" x="0" y="164" width="114" height="137" xoffset="-15" yoffset="20" xadvance="85" page="0" chnl="15"/><!-- 0 --><char id="49" x="359" y="164" width="77" height="135" xoffset="-17" yoffset="22" xadvance="49" page="0" chnl="15"/><!-- 1 --><char id="50" x="242" y="164" width="107" height="136" xoffset="-16" yoffset="20" xadvance="75" page="0" chnl="15"/><!-- 2 --><char id="51" x="243" y="0" width="107" height="138" xoffset="-15" yoffset="20" xadvance="79" page="0" chnl="15"/><!-- 3 --><char id="52" x="231" y="311" width="117" height="134" xoffset="-14" yoffset="23" xadvance="89" page="0" chnl="15"/><!-- 4 --><char id="53" x="0" y="311" width="107" height="135" xoffset="-9" yoffset="22" xadvance="85" page="0" chnl="15"/><!-- 5 --><char id="54" x="360" y="0" width="108" height="138" xoffset="-12" yoffset="20" xadvance="83" page="0" chnl="15"/><!-- 6 --><char id="55" x="117" y="311" width="104" height="135" xoffset="-17" yoffset="22" xadvance="70" page="0" chnl="15"/><!-- 7 --><char id="56" x="122" y="0" width="111" height="139" xoffset="-13" yoffset="20" xadvance="85" page="0" chnl="15"/><!-- 8 --><char id="57" x="124" y="164" width="108" height="137" xoffset="-14" yoffset="20" xadvance="80" page="0" chnl="15"/><!-- 9 --></chars></font>