<?xml version="1.0" encoding="UTF-8"?>
<font>
    <info face="poppins-gold" size="130" bold="0" italic="0" charset="" unicode="1" stretchH="100"
        smooth="1" aa="1" padding="20,20,20,20" spacing="10,10" />
    <common lineHeight="130" base="137" scaleW="543" scaleH="482" pages="1" packed="0" />
    <pages>
        <page id="0" file="poppins-gold.png" />
    </pages>
    <chars count="14">
        <char id="32" x="0" y="0" width="0" height="0" xoffset="0" yoffset="0" xadvance="28"
            page="0" chnl="15" /><!--   -->
        <char id="36" x="0" y="0" width="119" height="166" xoffset="-18" yoffset="11" xadvance="86"
            page="0" chnl="15" /><!-- $ -->
        <char id="44" x="380" y="335" width="79" height="90" xoffset="-21" yoffset="93"
            xadvance="38" page="0" chnl="15" /><!-- , -->
        <char id="46" x="469" y="335" width="74" height="76" xoffset="-18" yoffset="91"
            xadvance="37" page="0" chnl="15" /><!-- . -->
        <char id="48" x="0" y="176" width="121" height="149" xoffset="-18" yoffset="17"
            xadvance="85" page="0" chnl="15" /><!-- 0 -->
        <char id="49" x="380" y="176" width="84" height="147" xoffset="-20" yoffset="19"
            xadvance="49" page="0" chnl="15" /><!-- 1 -->
        <char id="50" x="256" y="176" width="114" height="148" xoffset="-19" yoffset="17"
            xadvance="75" page="0" chnl="15" /><!-- 2 -->
        <char id="51" x="257" y="0" width="115" height="150" xoffset="-19" yoffset="17"
            xadvance="79" page="0" chnl="15" /><!-- 3 -->
        <char id="52" x="246" y="335" width="124" height="146" xoffset="-17" yoffset="20"
            xadvance="89" page="0" chnl="15" /><!-- 4 -->
        <char id="53" x="0" y="335" width="115" height="147" xoffset="-13" yoffset="19"
            xadvance="85" page="0" chnl="15" /><!-- 5 -->
        <char id="54" x="382" y="0" width="115" height="150" xoffset="-15" yoffset="17"
            xadvance="83" page="0" chnl="15" /><!-- 6 -->
        <char id="55" x="125" y="335" width="111" height="147" xoffset="-20" yoffset="19"
            xadvance="70" page="0" chnl="15" /><!-- 7 -->
        <char id="56" x="129" y="0" width="118" height="151" xoffset="-16" yoffset="17"
            xadvance="85" page="0" chnl="15" /><!-- 8 -->
        <char id="57" x="131" y="176" width="115" height="149" xoffset="-17" yoffset="17"
            xadvance="80" page="0" chnl="15" /><!-- 9 -->
    </chars>
</font>