{"frames":{"Island_001":{"frame":{"x":1,"y":1,"w":256,"h":256},"rotated":false,"trimmed":false,"spriteSourceSize":{"x":0,"y":0,"w":256,"h":256},"sourceSize":{"w":256,"h":256},"pivot":{"x":0.5,"y":0.5}},"Island_002":{"frame":{"x":259,"y":1,"w":256,"h":256},"rotated":false,"trimmed":false,"spriteSourceSize":{"x":0,"y":0,"w":256,"h":256},"sourceSize":{"w":256,"h":256},"pivot":{"x":0.5,"y":0.5}},"Island_003":{"frame":{"x":1,"y":259,"w":256,"h":256},"rotated":false,"trimmed":false,"spriteSourceSize":{"x":0,"y":0,"w":256,"h":256},"sourceSize":{"w":256,"h":256},"pivot":{"x":0.5,"y":0.5}},"Island_004":{"frame":{"x":259,"y":259,"w":256,"h":256},"rotated":false,"trimmed":false,"spriteSourceSize":{"x":0,"y":0,"w":256,"h":256},"sourceSize":{"w":256,"h":256},"pivot":{"x":0.5,"y":0.5}},"Island_005":{"frame":{"x":517,"y":1,"w":256,"h":256},"rotated":false,"trimmed":false,"spriteSourceSize":{"x":0,"y":0,"w":256,"h":256},"sourceSize":{"w":256,"h":256},"pivot":{"x":0.5,"y":0.5}},"Island_006":{"frame":{"x":517,"y":259,"w":256,"h":256},"rotated":false,"trimmed":false,"spriteSourceSize":{"x":0,"y":0,"w":256,"h":256},"sourceSize":{"w":256,"h":256},"pivot":{"x":0.5,"y":0.5}},"Island_007":{"frame":{"x":1,"y":517,"w":256,"h":256},"rotated":false,"trimmed":false,"spriteSourceSize":{"x":0,"y":0,"w":256,"h":256},"sourceSize":{"w":256,"h":256},"pivot":{"x":0.5,"y":0.5}},"Island_008":{"frame":{"x":259,"y":517,"w":256,"h":256},"rotated":false,"trimmed":false,"spriteSourceSize":{"x":0,"y":0,"w":256,"h":256},"sourceSize":{"w":256,"h":256},"pivot":{"x":0.5,"y":0.5}},"Island_009":{"frame":{"x":517,"y":517,"w":256,"h":256},"rotated":false,"trimmed":false,"spriteSourceSize":{"x":0,"y":0,"w":256,"h":256},"sourceSize":{"w":256,"h":256},"pivot":{"x":0.5,"y":0.5}},"Island_010":{"frame":{"x":775,"y":1,"w":256,"h":256},"rotated":false,"trimmed":false,"spriteSourceSize":{"x":0,"y":0,"w":256,"h":256},"sourceSize":{"w":256,"h":256},"pivot":{"x":0.5,"y":0.5}},"Island_011":{"frame":{"x":775,"y":259,"w":256,"h":256},"rotated":false,"trimmed":false,"spriteSourceSize":{"x":0,"y":0,"w":256,"h":256},"sourceSize":{"w":256,"h":256},"pivot":{"x":0.5,"y":0.5}},"Island_012":{"frame":{"x":775,"y":517,"w":256,"h":256},"rotated":false,"trimmed":false,"spriteSourceSize":{"x":0,"y":0,"w":256,"h":256},"sourceSize":{"w":256,"h":256},"pivot":{"x":0.5,"y":0.5}},"Island_013":{"frame":{"x":1,"y":775,"w":256,"h":256},"rotated":false,"trimmed":false,"spriteSourceSize":{"x":0,"y":0,"w":256,"h":256},"sourceSize":{"w":256,"h":256},"pivot":{"x":0.5,"y":0.5}},"Island_014":{"frame":{"x":259,"y":775,"w":256,"h":256},"rotated":false,"trimmed":false,"spriteSourceSize":{"x":0,"y":0,"w":256,"h":256},"sourceSize":{"w":256,"h":256},"pivot":{"x":0.5,"y":0.5}},"Island_015":{"frame":{"x":517,"y":775,"w":256,"h":256},"rotated":false,"trimmed":false,"spriteSourceSize":{"x":0,"y":0,"w":256,"h":256},"sourceSize":{"w":256,"h":256},"pivot":{"x":0.5,"y":0.5}},"Island_016":{"frame":{"x":775,"y":775,"w":256,"h":256},"rotated":false,"trimmed":false,"spriteSourceSize":{"x":0,"y":0,"w":256,"h":256},"sourceSize":{"w":256,"h":256},"pivot":{"x":0.5,"y":0.5}},"Island_017":{"frame":{"x":1033,"y":1,"w":256,"h":256},"rotated":false,"trimmed":false,"spriteSourceSize":{"x":0,"y":0,"w":256,"h":256},"sourceSize":{"w":256,"h":256},"pivot":{"x":0.5,"y":0.5}},"Island_018":{"frame":{"x":1033,"y":259,"w":256,"h":256},"rotated":false,"trimmed":false,"spriteSourceSize":{"x":0,"y":0,"w":256,"h":256},"sourceSize":{"w":256,"h":256},"pivot":{"x":0.5,"y":0.5}},"Island_019":{"frame":{"x":1033,"y":517,"w":256,"h":256},"rotated":false,"trimmed":false,"spriteSourceSize":{"x":0,"y":0,"w":256,"h":256},"sourceSize":{"w":256,"h":256},"pivot":{"x":0.5,"y":0.5}},"Island_020":{"frame":{"x":1033,"y":775,"w":256,"h":256},"rotated":false,"trimmed":false,"spriteSourceSize":{"x":0,"y":0,"w":256,"h":256},"sourceSize":{"w":256,"h":256},"pivot":{"x":0.5,"y":0.5}},"Island_021":{"frame":{"x":1,"y":1033,"w":256,"h":256},"rotated":false,"trimmed":false,"spriteSourceSize":{"x":0,"y":0,"w":256,"h":256},"sourceSize":{"w":256,"h":256},"pivot":{"x":0.5,"y":0.5}},"Island_022":{"frame":{"x":259,"y":1033,"w":256,"h":256},"rotated":false,"trimmed":false,"spriteSourceSize":{"x":0,"y":0,"w":256,"h":256},"sourceSize":{"w":256,"h":256},"pivot":{"x":0.5,"y":0.5}},"Island_023":{"frame":{"x":517,"y":1033,"w":256,"h":256},"rotated":false,"trimmed":false,"spriteSourceSize":{"x":0,"y":0,"w":256,"h":256},"sourceSize":{"w":256,"h":256},"pivot":{"x":0.5,"y":0.5}},"Island_024":{"frame":{"x":775,"y":1033,"w":256,"h":256},"rotated":false,"trimmed":false,"spriteSourceSize":{"x":0,"y":0,"w":256,"h":256},"sourceSize":{"w":256,"h":256},"pivot":{"x":0.5,"y":0.5}}},"meta":{"app":"http://github.com/odrick/free-tex-packer-core","version":"0.3.4","image":"Island@0.5x.png","format":"RGBA8888","size":{"w":1290,"h":1290},"scale":0.5}}