{"frames":{"Island_001":{"frame":{"x":2,"y":2,"w":512,"h":512},"rotated":false,"trimmed":false,"spriteSourceSize":{"x":0,"y":0,"w":512,"h":512},"sourceSize":{"w":512,"h":512},"pivot":{"x":0.5,"y":0.5}},"Island_002":{"frame":{"x":518,"y":2,"w":512,"h":512},"rotated":false,"trimmed":false,"spriteSourceSize":{"x":0,"y":0,"w":512,"h":512},"sourceSize":{"w":512,"h":512},"pivot":{"x":0.5,"y":0.5}},"Island_003":{"frame":{"x":2,"y":518,"w":512,"h":512},"rotated":false,"trimmed":false,"spriteSourceSize":{"x":0,"y":0,"w":512,"h":512},"sourceSize":{"w":512,"h":512},"pivot":{"x":0.5,"y":0.5}},"Island_004":{"frame":{"x":518,"y":518,"w":512,"h":512},"rotated":false,"trimmed":false,"spriteSourceSize":{"x":0,"y":0,"w":512,"h":512},"sourceSize":{"w":512,"h":512},"pivot":{"x":0.5,"y":0.5}},"Island_005":{"frame":{"x":1034,"y":2,"w":512,"h":512},"rotated":false,"trimmed":false,"spriteSourceSize":{"x":0,"y":0,"w":512,"h":512},"sourceSize":{"w":512,"h":512},"pivot":{"x":0.5,"y":0.5}},"Island_006":{"frame":{"x":1034,"y":518,"w":512,"h":512},"rotated":false,"trimmed":false,"spriteSourceSize":{"x":0,"y":0,"w":512,"h":512},"sourceSize":{"w":512,"h":512},"pivot":{"x":0.5,"y":0.5}},"Island_007":{"frame":{"x":2,"y":1034,"w":512,"h":512},"rotated":false,"trimmed":false,"spriteSourceSize":{"x":0,"y":0,"w":512,"h":512},"sourceSize":{"w":512,"h":512},"pivot":{"x":0.5,"y":0.5}},"Island_008":{"frame":{"x":518,"y":1034,"w":512,"h":512},"rotated":false,"trimmed":false,"spriteSourceSize":{"x":0,"y":0,"w":512,"h":512},"sourceSize":{"w":512,"h":512},"pivot":{"x":0.5,"y":0.5}},"Island_009":{"frame":{"x":1034,"y":1034,"w":512,"h":512},"rotated":false,"trimmed":false,"spriteSourceSize":{"x":0,"y":0,"w":512,"h":512},"sourceSize":{"w":512,"h":512},"pivot":{"x":0.5,"y":0.5}},"Island_010":{"frame":{"x":1550,"y":2,"w":512,"h":512},"rotated":false,"trimmed":false,"spriteSourceSize":{"x":0,"y":0,"w":512,"h":512},"sourceSize":{"w":512,"h":512},"pivot":{"x":0.5,"y":0.5}},"Island_011":{"frame":{"x":1550,"y":518,"w":512,"h":512},"rotated":false,"trimmed":false,"spriteSourceSize":{"x":0,"y":0,"w":512,"h":512},"sourceSize":{"w":512,"h":512},"pivot":{"x":0.5,"y":0.5}},"Island_012":{"frame":{"x":1550,"y":1034,"w":512,"h":512},"rotated":false,"trimmed":false,"spriteSourceSize":{"x":0,"y":0,"w":512,"h":512},"sourceSize":{"w":512,"h":512},"pivot":{"x":0.5,"y":0.5}},"Island_013":{"frame":{"x":2,"y":1550,"w":512,"h":512},"rotated":false,"trimmed":false,"spriteSourceSize":{"x":0,"y":0,"w":512,"h":512},"sourceSize":{"w":512,"h":512},"pivot":{"x":0.5,"y":0.5}},"Island_014":{"frame":{"x":518,"y":1550,"w":512,"h":512},"rotated":false,"trimmed":false,"spriteSourceSize":{"x":0,"y":0,"w":512,"h":512},"sourceSize":{"w":512,"h":512},"pivot":{"x":0.5,"y":0.5}},"Island_015":{"frame":{"x":1034,"y":1550,"w":512,"h":512},"rotated":false,"trimmed":false,"spriteSourceSize":{"x":0,"y":0,"w":512,"h":512},"sourceSize":{"w":512,"h":512},"pivot":{"x":0.5,"y":0.5}},"Island_016":{"frame":{"x":1550,"y":1550,"w":512,"h":512},"rotated":false,"trimmed":false,"spriteSourceSize":{"x":0,"y":0,"w":512,"h":512},"sourceSize":{"w":512,"h":512},"pivot":{"x":0.5,"y":0.5}},"Island_017":{"frame":{"x":2066,"y":2,"w":512,"h":512},"rotated":false,"trimmed":false,"spriteSourceSize":{"x":0,"y":0,"w":512,"h":512},"sourceSize":{"w":512,"h":512},"pivot":{"x":0.5,"y":0.5}},"Island_018":{"frame":{"x":2066,"y":518,"w":512,"h":512},"rotated":false,"trimmed":false,"spriteSourceSize":{"x":0,"y":0,"w":512,"h":512},"sourceSize":{"w":512,"h":512},"pivot":{"x":0.5,"y":0.5}},"Island_019":{"frame":{"x":2066,"y":1034,"w":512,"h":512},"rotated":false,"trimmed":false,"spriteSourceSize":{"x":0,"y":0,"w":512,"h":512},"sourceSize":{"w":512,"h":512},"pivot":{"x":0.5,"y":0.5}},"Island_020":{"frame":{"x":2066,"y":1550,"w":512,"h":512},"rotated":false,"trimmed":false,"spriteSourceSize":{"x":0,"y":0,"w":512,"h":512},"sourceSize":{"w":512,"h":512},"pivot":{"x":0.5,"y":0.5}},"Island_021":{"frame":{"x":2,"y":2066,"w":512,"h":512},"rotated":false,"trimmed":false,"spriteSourceSize":{"x":0,"y":0,"w":512,"h":512},"sourceSize":{"w":512,"h":512},"pivot":{"x":0.5,"y":0.5}},"Island_022":{"frame":{"x":518,"y":2066,"w":512,"h":512},"rotated":false,"trimmed":false,"spriteSourceSize":{"x":0,"y":0,"w":512,"h":512},"sourceSize":{"w":512,"h":512},"pivot":{"x":0.5,"y":0.5}},"Island_023":{"frame":{"x":1034,"y":2066,"w":512,"h":512},"rotated":false,"trimmed":false,"spriteSourceSize":{"x":0,"y":0,"w":512,"h":512},"sourceSize":{"w":512,"h":512},"pivot":{"x":0.5,"y":0.5}},"Island_024":{"frame":{"x":1550,"y":2066,"w":512,"h":512},"rotated":false,"trimmed":false,"spriteSourceSize":{"x":0,"y":0,"w":512,"h":512},"sourceSize":{"w":512,"h":512},"pivot":{"x":0.5,"y":0.5}}},"meta":{"app":"http://github.com/odrick/free-tex-packer-core","version":"0.3.4","image":"Island@1x.png","format":"RGBA8888","size":{"w":2580,"h":2580},"scale":1}}