{"LBL_WELCOME":"ようこそ","LBL_USERNAME":"ユーザー名","LBL_PASSWORD":"パスワード","BTN_LOGIN":"ログイン","BTN_LOGOUT":"ログアウト","BTN_SUBMIT":"送信","BTN_CANCEL":"キャンセル","LBL_FIRST_NAME":"氏名（フリガナ","LBL_LAST_NAME":"名","LBL_EMAIL":"メール","LBL_PHONE":"電話","LBL_ADDRESS":"住所","LBL_CITY":"都市","LBL_STATE":"状態","LBL_COUNTRY":"国名","MSG_SUCCESS":"成功","MSG_ERROR":"エラー","MSG_WARNING":"注意","MSG_INFO":"情報","LBL_DATE":"日付","LBL_TIME":"時間","LBL_SELECT":"選択する","LBL_OPTION":"オプション","LBL_LANGUAGE":"言語","LBL_THEME":"テーマ","CHK_REMEMBER":"ログイン状態を保存する","OPT_MALE":"男","OPT_FEMALE":"女","OPT_OTHER":"その他","BTN_CONFIRM":"確認","GAME_OVER":"ゲームオーバー","SCORE":"スコア: %1","WINNINGS":"賞金：${1}","RUBY_BTN_CLOSE":"終了","RUBY_BTN_CANCEL":"キャンセル","RUBY_BTN_CONFIRM":"確認","RUBY_BTN_SWITCH_TO":"次に切り替え:","RUBY_BTN_EXIT_CONFIRM":"終了する","RUBY_CURRENCY_WARNING":"エメラルドとゴールドコインのベットサイズは異なります","RUBY_CHANGE_CURRENCY":"通貨を切り替えますか？","RUBY_CURRENT_PLAYING_CURRENCY":"現在プレイしている場所","RUBY_EXIT_GAME":"本当に閉じてよろしいですか？\",","RUBY_ASK_BET":"どのくらい賭けたいですか？","RUBY_BET":"ベット","RUBY_BALANCE":"残高","RUBY_WIN":"勝利","RUBY_LOSE":"損失を被る","RUBY_PLAY_GAME":"プレイ","RUBY_SETTINGS":"設定","RUBY_PAY_TABLE":"給与表","RUBY_AUTO_PLAY_ON":"自動再生オン","RUBY_AUTO_PLAY_OFF":"オートプレイオフ","RUBY_GAME_INFO":"ゲーム情報","RUBY_INSUFICIENT_FUNDS":"不十分な資金","RUBY_EXPLAIN_NO_FUNDS":"他の通貨をお試しいただくか、チャージしてください"}