{"LBL_WELCOME":"Welcome","LBL_USERNAME":"Username","LBL_PASSWORD":"Password","BTN_LOGIN":"Login","BTN_LOGOUT":"Logout","BTN_SUBMIT":"Submit","BTN_CANCEL":"Cancel","LBL_FIRST_NAME":"First Name","LBL_LAST_NAME":"Last Name","LBL_EMAIL":"Email","LBL_PHONE":"Phone","LBL_ADDRESS":"Address","LBL_CITY":"City","LBL_STATE":"State","LBL_COUNTRY":"Country","MSG_SUCCESS":"Success","MSG_ERROR":"Error","MSG_WARNING":"Warning","MSG_INFO":"Information","LBL_DATE":"Date","LBL_TIME":"Time","LBL_SELECT":"Select","LBL_OPTION":"Option","LBL_LANGUAGE":"Language","LBL_THEME":"Theme","CHK_REMEMBER":"Remember Me","OPT_MALE":"Male","OPT_FEMALE":"Female","OPT_OTHER":"Other","BTN_CONFIRM":"Confirm","GAME_OVER":"Game Over","SCORE":"Score: ${1}","WINNINGS":"Winnings: ${1}","RUBY_BTN_CLOSE":"Close","RUBY_BTN_CANCEL":"Cancel","RUBY_BTN_CONFIRM":"Confirm","RUBY_BTN_SWITCH_TO":"Switch to","RUBY_BTN_EXIT_CONFIRM":"Leave","RUBY_CURRENCY_WARNING":"Emeralds and Gold Coins have different bet sizes","RUBY_CHANGE_CURRENCY":"Do you want to switch currency?","RUBY_CURRENT_PLAYING_CURRENCY":"You are currently playing in","RUBY_EXIT_GAME":"Are you sure you want to leave?","RUBY_ASK_BET":"How much do you want to bet?","RUBY_BET":"Bet","RUBY_BALANCE":"Balance","RUBY_WIN":"Win","RUBY_LOSE":"Lose","RUBY_PLAY_GAME":"Play","RUBY_SETTINGS":"Settings","RUBY_PAY_TABLE":"Pay Table","RUBY_AUTO_PLAY_ON":"Auto Play On","RUBY_AUTO_PLAY_OFF":"Auto Play Off","RUBY_GAME_INFO":"Game Info","RUBY_INSUFICIENT_FUNDS":"Insuficient funds","RUBY_EXPLAIN_NO_FUNDS":"Try other currency or top up"}