{"LBL_WELCOME":"Willkommen","LBL_USERNAME":"Benutzername","LBL_PASSWORD":"Passwort","BTN_LOGIN":"Anmelden","BTN_LOGOUT":"Abmelden","BTN_SUBMIT":"Hinzufügen","BTN_CANCEL":"Abbrechen","LBL_FIRST_NAME":"Vorname","LBL_LAST_NAME":"Nachname","LBL_EMAIL":"E-Mail","LBL_PHONE":"Telefon","LBL_ADDRESS":"Adresse","LBL_CITY":"Stadt","LBL_STATE":"Zustand","LBL_COUNTRY":"Bezirk","MSG_SUCCESS":"Erfolg","MSG_ERROR":"Fehler","MSG_WARNING":"Warnung","MSG_INFO":"Information","LBL_DATE":"Datum","LBL_TIME":"Zeit","LBL_SELECT":"Auswahlfeld","LBL_OPTION":"Option","LBL_LANGUAGE":"Sprache","LBL_THEME":"Thema","CHK_REMEMBER":"Angemeldet bleiben","OPT_MALE":"M","OPT_FEMALE":"Weiblich","OPT_OTHER":"Sonstiges (bitte nähere Angaben machen)","BTN_CONFIRM":"Bestätigen","RUBY_BTN_CLOSE":"Schließen","RUBY_BTN_CANCEL":"Abbrechen","RUBY_BTN_CONFIRM":"Bestätigen","RUBY_BTN_SWITCH_TO":"Umschalten auf","RUBY_BTN_EXIT_CONFIRM":"Verlassen","RUBY_CURRENCY_WARNING":"Smaragde und Goldmünzen haben unterschiedliche Einsatzgrößen","RUBY_CHANGE_CURRENCY":"Möchten Sie wechseln?","RUBY_CURRENT_PLAYING_CURRENCY":"Du spielst gerade in","RUBY_EXIT_GAME":"Sind Sie sicher, dass Sie gehen wollen? ","RUBY_ASK_BET":"Wie viel möchten Sie setzen?","RUBY_BET":"Einsatz","RUBY_BALANCE":"Saldo","RUBY_WIN":"Gewinnen","RUBY_LOSE":"Verlieren","RUBY_PLAY_GAME":"Spielen","RUBY_SETTINGS":"Einstellungen"}