{"LBL_WELCOME":"웰컴","LBL_USERNAME":"사용자 ID","LBL_PASSWORD":"비밀번호","BTN_LOGIN":"로그인","BTN_LOGOUT":"로그아웃","BTN_SUBMIT":"제출","BTN_CANCEL":"취소","LBL_FIRST_NAME":"이름","LBL_LAST_NAME":"성","LBL_EMAIL":"이메일 주소","LBL_PHONE":"전화번호","LBL_ADDRESS":"주소","LBL_CITY":"도시","LBL_STATE":"주","LBL_COUNTRY":"국가","MSG_SUCCESS":"성공","MSG_ERROR":"오류","MSG_WARNING":"경고","MSG_INFO":"정보","LBL_DATE":"날짜","LBL_TIME":"시간","LBL_SELECT":"선택","LBL_OPTION":"옵션","LBL_LANGUAGE":"언어","LBL_THEME":"테마","CHK_REMEMBER":"로그인 상태 유지","OPT_MALE":"남성","OPT_FEMALE":"여성","OPT_OTHER":"기타","BTN_CONFIRM":"확인","RUBY_BTN_CLOSE":"닫기","RUBY_BTN_CANCEL":"취소","RUBY_BTN_CONFIRM":"확인","RUBY_BTN_SWITCH_TO":"변경","RUBY_BTN_EXIT_CONFIRM":"나가기","RUBY_CURRENCY_WARNING":"에메랄드와 골드 코인은 베팅 크기가 다릅니다","RUBY_CHANGE_CURRENCY":"통화를 변경하시겠습니까?","RUBY_CURRENT_PLAYING_CURRENCY":"현재 에서 플레이하고 있습니다.","RUBY_EXIT_GAME":"정말로 나가시겠습니까?","RUBY_ASK_BET":"얼마를 베팅하시겠습니까?","RUBY_BET":"베팅","RUBY_BALANCE":"균형","RUBY_WIN":"승자","RUBY_LOSE":"실패","RUBY_PLAY_GAME":"재생","RUBY_SETTINGS":"설정"}