{"LBL_WELCOME":"Bienvenue","LBL_USERNAME":"Identifiant","LBL_PASSWORD":"Mot de passe","BTN_LOGIN":"Connexion","BTN_LOGOUT":"Déconnexion","BTN_SUBMIT":"Envoyer","BTN_CANCEL":"Annuler","LBL_FIRST_NAME":"Prénom","LBL_LAST_NAME":"Nom de famille","LBL_EMAIL":"E-mail","LBL_PHONE":"Téléphone","LBL_ADDRESS":"Adresse","LBL_CITY":"Ville","LBL_STATE":"État","LBL_COUNTRY":"Pays","MSG_SUCCESS":"Succès","MSG_ERROR":"Erreur","MSG_WARNING":"Avertissement","MSG_INFO":"Informations","LBL_DATE":"Date","LBL_TIME":"Temps","LBL_SELECT":"Sélec","LBL_OPTION":"Option","LBL_LANGUAGE":"Langue","LBL_THEME":"Thème","CHK_REMEMBER":"Mémoriser","OPT_MALE":"Masculin","OPT_FEMALE":"Féminin","OPT_OTHER":"Autre","BTN_CONFIRM":"Confirmer","RUBY_BTN_CLOSE":"Fermer","RUBY_BTN_CANCEL":"Annuler","RUBY_BTN_CONFIRM":"Confirmer","RUBY_BTN_SWITCH_TO":"Passer à ","RUBY_BTN_EXIT_CONFIRM":"Congés","RUBY_CURRENCY_WARNING":"Les émeraudes et les pièces d'or ont des tailles de pari différentes","RUBY_CHANGE_CURRENCY":"Voulez-vous changer?","RUBY_CURRENT_PLAYING_CURRENCY":"Vous jouez actuellement à","RUBY_EXIT_GAME":"Voulez-vous vraiment quitter ?","RUBY_ASK_BET":"Combien voulez-vous miser ?","RUBY_BET":"Pari","RUBY_BALANCE":"Solde","RUBY_WIN":"Gagner","RUBY_LOSE":"Défaite","RUBY_PLAY_GAME":"Reproducer","RUBY_SETTINGS":"Paramètres"}